collectie_id,global_id,created_user,last_edited_user,bwk_plot_id,bwk_globalid,bwk_centroid_x_l72,bwk_centroid_y_l72,locatie_x_wgs84,locatie_y_wgs84,epsg,doel_habitattype,created_date,last_edited_date,timestamp_measurement,opmerkingen,niet_grondig_doorzocht,voorwaarde_id,habitattype,groep_id,subvraag,vraag_id,waarde_tekst,waarde_numeriek
{3A820AD0-BB31-49CC-9A2B-03255A9AF963},{3A820AD0-BB31-49CC-9A2B-03255A9AF963},klaas.debusschere@inbo.be,klaas.debusschere@inbo.be,,{FCF00210-DD34-4A30-927B-61BAE35D99BF},51346176309101,668645372495423,4.612599645999978,51.36664817100001,4326,3130_aom,2026-08-17 12:00:00,2026-08-20 11:23:04,2026-08-17 11:45,,,2040,3130_aom,,,vrg_2040_3130_aom,zs,
{3A820AD0-BB31-49CC-9A2B-03255A9AF963},{3A820AD0-BB31-49CC-9A2B-03255A9AF963},klaas.debusschere@inbo.be,klaas.debusschere@inbo.be,,{FCF00210-DD34-4A30-927B-61BAE35D99BF},51346176309101,668645372495423,4.612599645999978,51.36664817100001,4326,3130_aom,2026-08-17 12:00:00,2026-08-20 11:23:04,2026-08-17 11:45,,,464,3130_aom,1145,Ongelijkbladig fonteinkruid,vrg_464_3130_aom_matrix_1145,afw,
{3A820AD0-BB31-49CC-9A2B-03255A9AF963},{3A820AD0-BB31-49CC-9A2B-03255A9AF963},klaas.debusschere@inbo.be,klaas.debusschere@inbo.be,,{FCF00210-DD34-4A30-927B-61BAE35D99BF},51346176309101,668645372495423,4.612599645999978,51.36664817100001,4326,3130_aom,2026-08-17 12:00:00,2026-08-20 11:23:04,2026-08-17 11:45,,,805,3130_aom,,,vrg_805_3130_aom,wt,
{3A820AD0-BB31-49CC-9A2B-03255A9AF963},{3A820AD0-BB31-49CC-9A2B-03255A9AF963},klaas.debusschere@inbo.be,klaas.debusschere@inbo.be,,{FCF00210-DD34-4A30-927B-61BAE35D99BF},51346176309101,668645372495423,4.612599645999978,51.36664817100001,4326,3130_aom,2026-08-17 12:00:00,2026-08-20 11:23:04,2026-08-17 11:45,,,464,3130_aom,1125,Moerasweegbree,vrg_464_3130_aom_matrix_1125,afw,
{3A820AD0-BB31-49CC-9A2B-03255A9AF963},{3A820AD0-BB31-49CC-9A2B-03255A9AF963},klaas.debusschere@inbo.be,klaas.debusschere@inbo.be,,{FCF00210-DD34-4A30-927B-61BAE35D99BF},51346176309101,668645372495423,4.612599645999978,51.36664817100001,4326,3130_aom,2026-08-17 12:00:00,2026-08-20 11:23:04,2026-08-17 11:45,,,464,3130_aom,1122,Pilvaren,vrg_464_3130_aom_matrix_1122,afw,
{3A820AD0-BB31-49CC-9A2B-03255A9AF963},{3A820AD0-BB31-49CC-9A2B-03255A9AF963},klaas.debusschere@inbo.be,klaas.debusschere@inbo.be,,{FCF00210-DD34-4A30-927B-61BAE35D99BF},51346176309101,668645372495423,4.612599645999978,51.36664817100001,4326,3130_aom,2026-08-17 12:00:00,2026-08-20 11:23:04,2026-08-17 11:45,,,903,3130_aom,,,vrg_903_3130_aom,wt,
{3A820AD0-BB31-49CC-9A2B-03255A9AF963},{3A820AD0-BB31-49CC-9A2B-03255A9AF963},klaas.debusschere@inbo.be,klaas.debusschere@inbo.be,,{FCF00210-DD34-4A30-927B-61BAE35D99BF},51346176309101,668645372495423,4.612599645999978,51.36664817100001,4326,3130_aom,2026-08-17 12:00:00,2026-08-20 11:23:04,2026-08-17 11:45,,,2321,3130_aom,,,vrg_2321_3130_aom,,1.0
{3A820AD0-BB31-49CC-9A2B-03255A9AF963},{3A820AD0-BB31-49CC-9A2B-03255A9AF963},klaas.debusschere@inbo.be,klaas.debusschere@inbo.be,,{FCF00210-DD34-4A30-927B-61BAE35D99BF},51346176309101,668645372495423,4.612599645999978,51.36664817100001,4326,3130_aom,2026-08-17 12:00:00,2026-08-20 11:23:04,2026-08-17 11:45,,,464,3130_aom,944,Ondergedoken moerasscherm,vrg_464_3130_aom_matrix_944,afw,
{3A820AD0-BB31-49CC-9A2B-03255A9AF963},{3A820AD0-BB31-49CC-9A2B-03255A9AF963},klaas.debusschere@inbo.be,klaas.debusschere@inbo.be,,{FCF00210-DD34-4A30-927B-61BAE35D99BF},51346176309101,668645372495423,4.612599645999978,51.36664817100001,4326,3130_aom,2026-08-17 12:00:00,2026-08-20 11:23:04,2026-08-17 11:45,,,464,3130_aom,3701,Vlottende bies,vrg_464_3130_aom_matrix_3701,wt,
{3A820AD0-BB31-49CC-9A2B-03255A9AF963},{3A820AD0-BB31-49CC-9A2B-03255A9AF963},klaas.debusschere@inbo.be,klaas.debusschere@inbo.be,,{FCF00210-DD34-4A30-927B-61BAE35D99BF},51346176309101,668645372495423,4.612599645999978,51.36664817100001,4326,3130_aom,2026-08-17 12:00:00,2026-08-20 11:23:04,2026-08-17 11:45,,,464,3130_aom,1764,Teer vederkruid,vrg_464_3130_aom_matrix_1764,afw,
{3A820AD0-BB31-49CC-9A2B-03255A9AF963},{3A820AD0-BB31-49CC-9A2B-03255A9AF963},klaas.debusschere@inbo.be,klaas.debusschere@inbo.be,,{FCF00210-DD34-4A30-927B-61BAE35D99BF},51346176309101,668645372495423,4.612599645999978,51.36664817100001,4326,3130_aom,2026-08-17 12:00:00,2026-08-20 11:23:04,2026-08-17 11:45,,,464,3130_aom,625,Drijvende waterweegbree,vrg_464_3130_aom_matrix_625,afw,
{3A820AD0-BB31-49CC-9A2B-03255A9AF963},{3A820AD0-BB31-49CC-9A2B-03255A9AF963},klaas.debusschere@inbo.be,klaas.debusschere@inbo.be,,{FCF00210-DD34-4A30-927B-61BAE35D99BF},51346176309101,668645372495423,4.612599645999978,51.36664817100001,4326,3130_aom,2026-08-17 12:00:00,2026-08-20 11:23:04,2026-08-17 11:45,,,464,3130_aom,632,Oeverkruid,vrg_464_3130_aom_matrix_632,afw,
{3A820AD0-BB31-49CC-9A2B-03255A9AF963},{3A820AD0-BB31-49CC-9A2B-03255A9AF963},klaas.debusschere@inbo.be,klaas.debusschere@inbo.be,,{FCF00210-DD34-4A30-927B-61BAE35D99BF},51346176309101,668645372495423,4.612599645999978,51.36664817100001,4326,3130_aom,2026-08-17 12:00:00,2026-08-20 11:23:04,2026-08-17 11:45,,,1041,3130_aom,,,vrg_1041_3130_aom,afw,
{3A820AD0-BB31-49CC-9A2B-03255A9AF963},{3A820AD0-BB31-49CC-9A2B-03255A9AF963},klaas.debusschere@inbo.be,klaas.debusschere@inbo.be,,{FCF00210-DD34-4A30-927B-61BAE35D99BF},51346176309101,668645372495423,4.612599645999978,51.36664817100001,4326,3130_aom,2026-08-17 12:00:00,2026-08-20 11:23:04,2026-08-17 11:45,,,464,3130_aom,477,Witte waterranonkel,vrg_464_3130_aom_matrix_477,afw,
{3A820AD0-BB31-49CC-9A2B-03255A9AF963},{3A820AD0-BB31-49CC-9A2B-03255A9AF963},klaas.debusschere@inbo.be,klaas.debusschere@inbo.be,,{FCF00210-DD34-4A30-927B-61BAE35D99BF},51346176309101,668645372495423,4.612599645999978,51.36664817100001,4326,3130_aom,2026-08-17 12:00:00,2026-08-20 11:23:04,2026-08-17 11:45,,,464,3130_aom,4266,Duizendknoopfonteinkruid,vrg_464_3130_aom_matrix_4266,afw,
{3A820AD0-BB31-49CC-9A2B-03255A9AF963},{3A820AD0-BB31-49CC-9A2B-03255A9AF963},klaas.debusschere@inbo.be,klaas.debusschere@inbo.be,,{FCF00210-DD34-4A30-927B-61BAE35D99BF},51346176309101,668645372495423,4.612599645999978,51.36664817100001,4326,3130_aom,2026-08-17 12:00:00,2026-08-20 11:23:04,2026-08-17 11:45,,,464,3130_aom,4135,Moerassmele,vrg_464_3130_aom_matrix_4135,afw,
{3A820AD0-BB31-49CC-9A2B-03255A9AF963},{3A820AD0-BB31-49CC-9A2B-03255A9AF963},klaas.debusschere@inbo.be,klaas.debusschere@inbo.be,,{FCF00210-DD34-4A30-927B-61BAE35D99BF},51346176309101,668645372495423,4.612599645999978,51.36664817100001,4326,3130_aom,2026-08-17 12:00:00,2026-08-20 11:23:04,2026-08-17 11:45,,,464,3130_aom,4232,Sierlijk glanswier,vrg_464_3130_aom_matrix_4232,afw,
{3A820AD0-BB31-49CC-9A2B-03255A9AF963},{3A820AD0-BB31-49CC-9A2B-03255A9AF963},klaas.debusschere@inbo.be,klaas.debusschere@inbo.be,,{FCF00210-DD34-4A30-927B-61BAE35D99BF},51346176309101,668645372495423,4.612599645999978,51.36664817100001,4326,3130_aom,2026-08-17 12:00:00,2026-08-20 11:23:04,2026-08-17 11:45,,,464,3130_aom,4237,Doorschijnend glanswier,vrg_464_3130_aom_matrix_4237,afw,
{3FAE5F0D-3837-4309-A65D-14DC58569290},{3FAE5F0D-3837-4309-A65D-14DC58569290},joost.neujens@inbo.be,joost.neujens@inbo.be,,{A1B16158-BE17-4857-BB07-EB3FCD3C6050},4937909396439,669325335965363,0.0,0.0,4326,4010,2026-07-28 12:00:00,2026-07-28 15:27:47,2026-07-28 15:27,Test,ja,608,4010,468,Bruine snavelbies,vrg_608_4010_matrix_468,wt,
{3FAE5F0D-3837-4309-A65D-14DC58569290},{3FAE5F0D-3837-4309-A65D-14DC58569290},joost.neujens@inbo.be,joost.neujens@inbo.be,,{A1B16158-BE17-4857-BB07-EB3FCD3C6050},4937909396439,669325335965363,0.0,0.0,4326,4010,2026-07-28 12:00:00,2026-07-28 15:27:47,2026-07-28 15:27,Test,ja,634,4010,2702,Wrattig veenmos,vrg_634_4010_matrix_2702,zs,
{3FAE5F0D-3837-4309-A65D-14DC58569290},{3FAE5F0D-3837-4309-A65D-14DC58569290},joost.neujens@inbo.be,joost.neujens@inbo.be,,{A1B16158-BE17-4857-BB07-EB3FCD3C6050},4937909396439,669325335965363,0.0,0.0,4326,4010,2026-07-28 12:00:00,2026-07-28 15:27:47,2026-07-28 15:27,Test,ja,634,4010,2708,Week veenmos,vrg_634_4010_matrix_2708,zs,
{3FAE5F0D-3837-4309-A65D-14DC58569290},{3FAE5F0D-3837-4309-A65D-14DC58569290},joost.neujens@inbo.be,joost.neujens@inbo.be,,{A1B16158-BE17-4857-BB07-EB3FCD3C6050},4937909396439,669325335965363,0.0,0.0,4326,4010,2026-07-28 12:00:00,2026-07-28 15:27:47,2026-07-28 15:27,Test,ja,780,4010,,,vrg_780_4010,60_70perc,
{3FAE5F0D-3837-4309-A65D-14DC58569290},{3FAE5F0D-3837-4309-A65D-14DC58569290},joost.neujens@inbo.be,joost.neujens@inbo.be,,{A1B16158-BE17-4857-BB07-EB3FCD3C6050},4937909396439,669325335965363,0.0,0.0,4326,4010,2026-07-28 12:00:00,2026-07-28 15:27:47,2026-07-28 15:27,Test,ja,1583,4010,,,vrg_1583_4010,afw,
{3FAE5F0D-3837-4309-A65D-14DC58569290},{3FAE5F0D-3837-4309-A65D-14DC58569290},joost.neujens@inbo.be,joost.neujens@inbo.be,,{A1B16158-BE17-4857-BB07-EB3FCD3C6050},4937909396439,669325335965363,0.0,0.0,4326,4010,2026-07-28 12:00:00,2026-07-28 15:27:47,2026-07-28 15:27,Test,ja,608,4010,1249,Tweenervige zegge,vrg_608_4010_matrix_1249,wt,
{3FAE5F0D-3837-4309-A65D-14DC58569290},{3FAE5F0D-3837-4309-A65D-14DC58569290},joost.neujens@inbo.be,joost.neujens@inbo.be,,{A1B16158-BE17-4857-BB07-EB3FCD3C6050},4937909396439,669325335965363,0.0,0.0,4326,4010,2026-07-28 12:00:00,2026-07-28 15:27:47,2026-07-28 15:27,Test,ja,634,4010,4008,Glanzend veenmos,vrg_634_4010_matrix_4008,s,
{3FAE5F0D-3837-4309-A65D-14DC58569290},{3FAE5F0D-3837-4309-A65D-14DC58569290},joost.neujens@inbo.be,joost.neujens@inbo.be,,{A1B16158-BE17-4857-BB07-EB3FCD3C6050},4937909396439,669325335965363,0.0,0.0,4326,4010,2026-07-28 12:00:00,2026-07-28 15:27:47,2026-07-28 15:27,Test,ja,1747,4010,,,vrg_1747_4010,afw,
{59C9449A-B759-48CC-8317-054E3EE8A017},{59C9449A-B759-48CC-8317-054E3EE8A017},klaas.debusschere@inbo.be,klaas.debusschere@inbo.be,,{1E5CE2DD-5016-4715-B3ED-A5705CAA74CF},51386662109128,668755169977714,4.78225710800001,51.218586741000024,4326,4030,2026-07-31 12:00:00,2026-08-20 11:23:03,2026-07-31 14:36,,,434,4030,4167,Fijn schapengras,vrg_434_4030_matrix_4167,afw,
{59C9449A-B759-48CC-8317-054E3EE8A017},{59C9449A-B759-48CC-8317-054E3EE8A017},klaas.debusschere@inbo.be,klaas.debusschere@inbo.be,,{1E5CE2DD-5016-4715-B3ED-A5705CAA74CF},51386662109128,668755169977714,4.78225710800001,51.218586741000024,4326,4030,2026-07-31 12:00:00,2026-08-20 11:23:03,2026-07-31 14:36,,,778,4030,,,vrg_778_4030,60_70perc,
{59C9449A-B759-48CC-8317-054E3EE8A017},{59C9449A-B759-48CC-8317-054E3EE8A017},klaas.debusschere@inbo.be,klaas.debusschere@inbo.be,,{1E5CE2DD-5016-4715-B3ED-A5705CAA74CF},51386662109128,668755169977714,4.78225710800001,51.218586741000024,4326,4030,2026-07-31 12:00:00,2026-08-20 11:23:03,2026-07-31 14:36,,,434,4030,1903,Rode dophei,vrg_434_4030_matrix_1903,afw,
{59C9449A-B759-48CC-8317-054E3EE8A017},{59C9449A-B759-48CC-8317-054E3EE8A017},klaas.debusschere@inbo.be,klaas.debusschere@inbo.be,,{1E5CE2DD-5016-4715-B3ED-A5705CAA74CF},51386662109128,668755169977714,4.78225710800001,51.218586741000024,4326,4030,2026-07-31 12:00:00,2026-08-20 11:23:03,2026-07-31 14:36,,,434,4030,1609,Stekelbrem,vrg_434_4030_matrix_1609,afw,
{59C9449A-B759-48CC-8317-054E3EE8A017},{59C9449A-B759-48CC-8317-054E3EE8A017},klaas.debusschere@inbo.be,klaas.debusschere@inbo.be,,{1E5CE2DD-5016-4715-B3ED-A5705CAA74CF},51386662109128,668755169977714,4.78225710800001,51.218586741000024,4326,4030,2026-07-31 12:00:00,2026-08-20 11:23:03,2026-07-31 14:36,,,1794,4030,,,vrg_1794_4030,afw,
{59C9449A-B759-48CC-8317-054E3EE8A017},{59C9449A-B759-48CC-8317-054E3EE8A017},klaas.debusschere@inbo.be,klaas.debusschere@inbo.be,,{1E5CE2DD-5016-4715-B3ED-A5705CAA74CF},51386662109128,668755169977714,4.78225710800001,51.218586741000024,4326,4030,2026-07-31 12:00:00,2026-08-20 11:23:03,2026-07-31 14:36,,,434,4030,1610,Kruipbrem,vrg_434_4030_matrix_1610,afw,
{59C9449A-B759-48CC-8317-054E3EE8A017},{59C9449A-B759-48CC-8317-054E3EE8A017},klaas.debusschere@inbo.be,klaas.debusschere@inbo.be,,{1E5CE2DD-5016-4715-B3ED-A5705CAA74CF},51386662109128,668755169977714,4.78225710800001,51.218586741000024,4326,4030,2026-07-31 12:00:00,2026-08-20 11:23:03,2026-07-31 14:36,,,434,4030,1956,Klein warkruid,vrg_434_4030_matrix_1956,afw,
{59C9449A-B759-48CC-8317-054E3EE8A017},{59C9449A-B759-48CC-8317-054E3EE8A017},klaas.debusschere@inbo.be,klaas.debusschere@inbo.be,,{1E5CE2DD-5016-4715-B3ED-A5705CAA74CF},51386662109128,668755169977714,4.78225710800001,51.218586741000024,4326,4030,2026-07-31 12:00:00,2026-08-20 11:23:03,2026-07-31 14:36,,,1748,4030,,,vrg_1748_4030,t,
{59C9449A-B759-48CC-8317-054E3EE8A017},{59C9449A-B759-48CC-8317-054E3EE8A017},klaas.debusschere@inbo.be,klaas.debusschere@inbo.be,,{1E5CE2DD-5016-4715-B3ED-A5705CAA74CF},51386662109128,668755169977714,4.78225710800001,51.218586741000024,4326,4030,2026-07-31 12:00:00,2026-08-20 11:23:03,2026-07-31 14:36,,,434,4030,501,Tormentil,vrg_434_4030_matrix_501,afw,
{59C9449A-B759-48CC-8317-054E3EE8A017},{59C9449A-B759-48CC-8317-054E3EE8A017},klaas.debusschere@inbo.be,klaas.debusschere@inbo.be,,{1E5CE2DD-5016-4715-B3ED-A5705CAA74CF},51386662109128,668755169977714,4.78225710800001,51.218586741000024,4326,4030,2026-07-31 12:00:00,2026-08-20 11:23:03,2026-07-31 14:36,,,434,4030,621,Kleine wolfsklauw,vrg_434_4030_matrix_621,afw,
{59C9449A-B759-48CC-8317-054E3EE8A017},{59C9449A-B759-48CC-8317-054E3EE8A017},klaas.debusschere@inbo.be,klaas.debusschere@inbo.be,,{1E5CE2DD-5016-4715-B3ED-A5705CAA74CF},51386662109128,668755169977714,4.78225710800001,51.218586741000024,4326,4030,2026-07-31 12:00:00,2026-08-20 11:23:03,2026-07-31 14:36,,,434,4030,1339,Borstelgras,vrg_434_4030_matrix_1339,afw,
{59C9449A-B759-48CC-8317-054E3EE8A017},{59C9449A-B759-48CC-8317-054E3EE8A017},klaas.debusschere@inbo.be,klaas.debusschere@inbo.be,,{1E5CE2DD-5016-4715-B3ED-A5705CAA74CF},51386662109128,668755169977714,4.78225710800001,51.218586741000024,4326,4030,2026-07-31 12:00:00,2026-08-20 11:23:03,2026-07-31 14:36,,,320,4030,1,Open plek,vrg_320_4030_matrix_1,5_10perc,
{59C9449A-B759-48CC-8317-054E3EE8A017},{59C9449A-B759-48CC-8317-054E3EE8A017},klaas.debusschere@inbo.be,klaas.debusschere@inbo.be,,{1E5CE2DD-5016-4715-B3ED-A5705CAA74CF},51386662109128,668755169977714,4.78225710800001,51.218586741000024,4326,4030,2026-07-31 12:00:00,2026-08-20 11:23:03,2026-07-31 14:36,,,320,4030,4,Climaxstadium,vrg_320_4030_matrix_4,20_30perc,
{59C9449A-B759-48CC-8317-054E3EE8A017},{59C9449A-B759-48CC-8317-054E3EE8A017},klaas.debusschere@inbo.be,klaas.debusschere@inbo.be,,{1E5CE2DD-5016-4715-B3ED-A5705CAA74CF},51386662109128,668755169977714,4.78225710800001,51.218586741000024,4326,4030,2026-07-31 12:00:00,2026-08-20 11:23:03,2026-07-31 14:36,,,320,4030,5,Degeneratiestadium,vrg_320_4030_matrix_5,5_10perc,
{59C9449A-B759-48CC-8317-054E3EE8A017},{59C9449A-B759-48CC-8317-054E3EE8A017},klaas.debusschere@inbo.be,klaas.debusschere@inbo.be,,{1E5CE2DD-5016-4715-B3ED-A5705CAA74CF},51386662109128,668755169977714,4.78225710800001,51.218586741000024,4326,4030,2026-07-31 12:00:00,2026-08-20 11:23:03,2026-07-31 14:36,,,320,4030,2,Pionierstadium,vrg_320_4030_matrix_2,t,
{59C9449A-B759-48CC-8317-054E3EE8A017},{59C9449A-B759-48CC-8317-054E3EE8A017},klaas.debusschere@inbo.be,klaas.debusschere@inbo.be,,{1E5CE2DD-5016-4715-B3ED-A5705CAA74CF},51386662109128,668755169977714,4.78225710800001,51.218586741000024,4326,4030,2026-07-31 12:00:00,2026-08-20 11:23:03,2026-07-31 14:36,,,320,4030,3,Ontwikkelingsstadium,vrg_320_4030_matrix_3,5_10perc,
{59C9449A-B759-48CC-8317-054E3EE8A017},{59C9449A-B759-48CC-8317-054E3EE8A017},klaas.debusschere@inbo.be,klaas.debusschere@inbo.be,,{1E5CE2DD-5016-4715-B3ED-A5705CAA74CF},51386662109128,668755169977714,4.78225710800001,51.218586741000024,4326,4030,2026-07-31 12:00:00,2026-08-20 11:23:03,2026-07-31 14:36,,,434,4030,1260,Pilzegge,vrg_434_4030_matrix_1260,afw,
{59C9449A-B759-48CC-8317-054E3EE8A017},{59C9449A-B759-48CC-8317-054E3EE8A017},klaas.debusschere@inbo.be,klaas.debusschere@inbo.be,,{1E5CE2DD-5016-4715-B3ED-A5705CAA74CF},51386662109128,668755169977714,4.78225710800001,51.218586741000024,4326,4030,2026-07-31 12:00:00,2026-08-20 11:23:03,2026-07-31 14:36,,,723,4030,1901,Struikhei,vrg_723_4030_matrix_1901,60_70perc,
{59C9449A-B759-48CC-8317-054E3EE8A017},{59C9449A-B759-48CC-8317-054E3EE8A017},klaas.debusschere@inbo.be,klaas.debusschere@inbo.be,,{1E5CE2DD-5016-4715-B3ED-A5705CAA74CF},51386662109128,668755169977714,4.78225710800001,51.218586741000024,4326,4030,2026-07-31 12:00:00,2026-08-20 11:23:03,2026-07-31 14:36,,,1587,4030,,,vrg_1587_4030,5_10perc,
{59C9449A-B759-48CC-8317-054E3EE8A017},{59C9449A-B759-48CC-8317-054E3EE8A017},klaas.debusschere@inbo.be,klaas.debusschere@inbo.be,,{1E5CE2DD-5016-4715-B3ED-A5705CAA74CF},51386662109128,668755169977714,4.78225710800001,51.218586741000024,4326,4030,2026-07-31 12:00:00,2026-08-20 11:23:03,2026-07-31 14:36,,,434,4030,1093,Grote wolfsklauw,vrg_434_4030_matrix_1093,afw,
{59C9449A-B759-48CC-8317-054E3EE8A017},{59C9449A-B759-48CC-8317-054E3EE8A017},klaas.debusschere@inbo.be,klaas.debusschere@inbo.be,,{1E5CE2DD-5016-4715-B3ED-A5705CAA74CF},51386662109128,668755169977714,4.78225710800001,51.218586741000024,4326,4030,2026-07-31 12:00:00,2026-08-20 11:23:03,2026-07-31 14:36,,,947,4030,,,vrg_947_4030,t,
{5DF1D547-7D3E-460E-AFB0-3912BE637D55},{5DF1D547-7D3E-460E-AFB0-3912BE637D55},klaas.debusschere@inbo.be,klaas.debusschere@inbo.be, ,{08231E2E-64CC-4C58-83E4-F03E3ED9D913},51190623,668579728,4.59828504699999,51.363280084999985,4326,4030,2026-08-27 12:00:00,2026-08-27 09:33:02,2026-08-27 09:20,,,434,4030,4167,Fijn schapengras,vrg_434_4030_matrix_4167,afw,
{5DF1D547-7D3E-460E-AFB0-3912BE637D55},{5DF1D547-7D3E-460E-AFB0-3912BE637D55},klaas.debusschere@inbo.be,klaas.debusschere@inbo.be, ,{08231E2E-64CC-4C58-83E4-F03E3ED9D913},51190623,668579728,4.59828504699999,51.363280084999985,4326,4030,2026-08-27 12:00:00,2026-08-27 09:33:02,2026-08-27 09:20,,,778,4030,,,vrg_778_4030,t,
{5DF1D547-7D3E-460E-AFB0-3912BE637D55},{5DF1D547-7D3E-460E-AFB0-3912BE637D55},klaas.debusschere@inbo.be,klaas.debusschere@inbo.be, ,{08231E2E-64CC-4C58-83E4-F03E3ED9D913},51190623,668579728,4.59828504699999,51.363280084999985,4326,4030,2026-08-27 12:00:00,2026-08-27 09:33:02,2026-08-27 09:20,,,434,4030,1903,Rode dophei,vrg_434_4030_matrix_1903,afw,
{5DF1D547-7D3E-460E-AFB0-3912BE637D55},{5DF1D547-7D3E-460E-AFB0-3912BE637D55},klaas.debusschere@inbo.be,klaas.debusschere@inbo.be, ,{08231E2E-64CC-4C58-83E4-F03E3ED9D913},51190623,668579728,4.59828504699999,51.363280084999985,4326,4030,2026-08-27 12:00:00,2026-08-27 09:33:02,2026-08-27 09:20,,,434,4030,1609,Stekelbrem,vrg_434_4030_matrix_1609,afw,
{5DF1D547-7D3E-460E-AFB0-3912BE637D55},{5DF1D547-7D3E-460E-AFB0-3912BE637D55},klaas.debusschere@inbo.be,klaas.debusschere@inbo.be, ,{08231E2E-64CC-4C58-83E4-F03E3ED9D913},51190623,668579728,4.59828504699999,51.363280084999985,4326,4030,2026-08-27 12:00:00,2026-08-27 09:33:02,2026-08-27 09:20,,,1794,4030,,,vrg_1794_4030,t,
{5DF1D547-7D3E-460E-AFB0-3912BE637D55},{5DF1D547-7D3E-460E-AFB0-3912BE637D55},klaas.debusschere@inbo.be,klaas.debusschere@inbo.be, ,{08231E2E-64CC-4C58-83E4-F03E3ED9D913},51190623,668579728,4.59828504699999,51.363280084999985,4326,4030,2026-08-27 12:00:00,2026-08-27 09:33:02,2026-08-27 09:20,,,434,4030,1610,Kruipbrem,vrg_434_4030_matrix_1610,afw,
{5DF1D547-7D3E-460E-AFB0-3912BE637D55},{5DF1D547-7D3E-460E-AFB0-3912BE637D55},klaas.debusschere@inbo.be,klaas.debusschere@inbo.be, ,{08231E2E-64CC-4C58-83E4-F03E3ED9D913},51190623,668579728,4.59828504699999,51.363280084999985,4326,4030,2026-08-27 12:00:00,2026-08-27 09:33:02,2026-08-27 09:20,,,434,4030,1956,Klein warkruid,vrg_434_4030_matrix_1956,afw,
{5DF1D547-7D3E-460E-AFB0-3912BE637D55},{5DF1D547-7D3E-460E-AFB0-3912BE637D55},klaas.debusschere@inbo.be,klaas.debusschere@inbo.be, ,{08231E2E-64CC-4C58-83E4-F03E3ED9D913},51190623,668579728,4.59828504699999,51.363280084999985,4326,4030,2026-08-27 12:00:00,2026-08-27 09:33:02,2026-08-27 09:20,,,1748,4030,,,vrg_1748_4030,80_90perc,
{5DF1D547-7D3E-460E-AFB0-3912BE637D55},{5DF1D547-7D3E-460E-AFB0-3912BE637D55},klaas.debusschere@inbo.be,klaas.debusschere@inbo.be, ,{08231E2E-64CC-4C58-83E4-F03E3ED9D913},51190623,668579728,4.59828504699999,51.363280084999985,4326,4030,2026-08-27 12:00:00,2026-08-27 09:33:02,2026-08-27 09:20,,,434,4030,501,Tormentil,vrg_434_4030_matrix_501,afw,
{5DF1D547-7D3E-460E-AFB0-3912BE637D55},{5DF1D547-7D3E-460E-AFB0-3912BE637D55},klaas.debusschere@inbo.be,klaas.debusschere@inbo.be, ,{08231E2E-64CC-4C58-83E4-F03E3ED9D913},51190623,668579728,4.59828504699999,51.363280084999985,4326,4030,2026-08-27 12:00:00,2026-08-27 09:33:02,2026-08-27 09:20,,,434,4030,621,Kleine wolfsklauw,vrg_434_4030_matrix_621,afw,
{5DF1D547-7D3E-460E-AFB0-3912BE637D55},{5DF1D547-7D3E-460E-AFB0-3912BE637D55},klaas.debusschere@inbo.be,klaas.debusschere@inbo.be, ,{08231E2E-64CC-4C58-83E4-F03E3ED9D913},51190623,668579728,4.59828504699999,51.363280084999985,4326,4030,2026-08-27 12:00:00,2026-08-27 09:33:02,2026-08-27 09:20,,,434,4030,1339,Borstelgras,vrg_434_4030_matrix_1339,afw,
{5DF1D547-7D3E-460E-AFB0-3912BE637D55},{5DF1D547-7D3E-460E-AFB0-3912BE637D55},klaas.debusschere@inbo.be,klaas.debusschere@inbo.be, ,{08231E2E-64CC-4C58-83E4-F03E3ED9D913},51190623,668579728,4.59828504699999,51.363280084999985,4326,4030,2026-08-27 12:00:00,2026-08-27 09:33:02,2026-08-27 09:20,,,320,4030,1,Open plek,vrg_320_4030_matrix_1,s,
{5DF1D547-7D3E-460E-AFB0-3912BE637D55},{5DF1D547-7D3E-460E-AFB0-3912BE637D55},klaas.debusschere@inbo.be,klaas.debusschere@inbo.be, ,{08231E2E-64CC-4C58-83E4-F03E3ED9D913},51190623,668579728,4.59828504699999,51.363280084999985,4326,4030,2026-08-27 12:00:00,2026-08-27 09:33:02,2026-08-27 09:20,,,320,4030,4,Climaxstadium,vrg_320_4030_matrix_4,wt,
{5DF1D547-7D3E-460E-AFB0-3912BE637D55},{5DF1D547-7D3E-460E-AFB0-3912BE637D55},klaas.debusschere@inbo.be,klaas.debusschere@inbo.be, ,{08231E2E-64CC-4C58-83E4-F03E3ED9D913},51190623,668579728,4.59828504699999,51.363280084999985,4326,4030,2026-08-27 12:00:00,2026-08-27 09:33:02,2026-08-27 09:20,,,320,4030,5,Degeneratiestadium,vrg_320_4030_matrix_5,s,
{5DF1D547-7D3E-460E-AFB0-3912BE637D55},{5DF1D547-7D3E-460E-AFB0-3912BE637D55},klaas.debusschere@inbo.be,klaas.debusschere@inbo.be, ,{08231E2E-64CC-4C58-83E4-F03E3ED9D913},51190623,668579728,4.59828504699999,51.363280084999985,4326,4030,2026-08-27 12:00:00,2026-08-27 09:33:02,2026-08-27 09:20,,,320,4030,2,Pionierstadium,vrg_320_4030_matrix_2,zs,
{5DF1D547-7D3E-460E-AFB0-3912BE637D55},{5DF1D547-7D3E-460E-AFB0-3912BE637D55},klaas.debusschere@inbo.be,klaas.debusschere@inbo.be, ,{08231E2E-64CC-4C58-83E4-F03E3ED9D913},51190623,668579728,4.59828504699999,51.363280084999985,4326,4030,2026-08-27 12:00:00,2026-08-27 09:33:02,2026-08-27 09:20,,,320,4030,3,Ontwikkelingsstadium,vrg_320_4030_matrix_3,t,
{5DF1D547-7D3E-460E-AFB0-3912BE637D55},{5DF1D547-7D3E-460E-AFB0-3912BE637D55},klaas.debusschere@inbo.be,klaas.debusschere@inbo.be, ,{08231E2E-64CC-4C58-83E4-F03E3ED9D913},51190623,668579728,4.59828504699999,51.363280084999985,4326,4030,2026-08-27 12:00:00,2026-08-27 09:33:02,2026-08-27 09:20,,,434,4030,1260,Pilzegge,vrg_434_4030_matrix_1260,zs,
{5DF1D547-7D3E-460E-AFB0-3912BE637D55},{5DF1D547-7D3E-460E-AFB0-3912BE637D55},klaas.debusschere@inbo.be,klaas.debusschere@inbo.be, ,{08231E2E-64CC-4C58-83E4-F03E3ED9D913},51190623,668579728,4.59828504699999,51.363280084999985,4326,4030,2026-08-27 12:00:00,2026-08-27 09:33:02,2026-08-27 09:20,,,723,4030,1901,Struikhei,vrg_723_4030_matrix_1901,t,
{5DF1D547-7D3E-460E-AFB0-3912BE637D55},{5DF1D547-7D3E-460E-AFB0-3912BE637D55},klaas.debusschere@inbo.be,klaas.debusschere@inbo.be, ,{08231E2E-64CC-4C58-83E4-F03E3ED9D913},51190623,668579728,4.59828504699999,51.363280084999985,4326,4030,2026-08-27 12:00:00,2026-08-27 09:33:02,2026-08-27 09:20,,,1587,4030,,,vrg_1587_4030,t,
{5DF1D547-7D3E-460E-AFB0-3912BE637D55},{5DF1D547-7D3E-460E-AFB0-3912BE637D55},klaas.debusschere@inbo.be,klaas.debusschere@inbo.be, ,{08231E2E-64CC-4C58-83E4-F03E3ED9D913},51190623,668579728,4.59828504699999,51.363280084999985,4326,4030,2026-08-27 12:00:00,2026-08-27 09:33:02,2026-08-27 09:20,,,434,4030,1093,Grote wolfsklauw,vrg_434_4030_matrix_1093,afw,
{5DF1D547-7D3E-460E-AFB0-3912BE637D55},{5DF1D547-7D3E-460E-AFB0-3912BE637D55},klaas.debusschere@inbo.be,klaas.debusschere@inbo.be, ,{08231E2E-64CC-4C58-83E4-F03E3ED9D913},51190623,668579728,4.59828504699999,51.363280084999985,4326,4030,2026-08-27 12:00:00,2026-08-27 09:33:02,2026-08-27 09:20,,,947,4030,,,vrg_947_4030,s,
{78CE5374-0CDB-41B9-A8A3-7A3C53D0BE62},{78CE5374-0CDB-41B9-A8A3-7A3C53D0BE62},klaas.debusschere@inbo.be,klaas.debusschere@inbo.be,,{C64A9C31-CDFD-4587-8D56-A67C21848B50},51194083,668609451,4.598324251999998,51.36458278399999,4326,4030,2026-08-27 12:00:00,2026-08-27 10:16:51,2026-08-27 10:10,,,434,4030,4167,Fijn schapengras,vrg_434_4030_matrix_4167,5_10perc,
{78CE5374-0CDB-41B9-A8A3-7A3C53D0BE62},{78CE5374-0CDB-41B9-A8A3-7A3C53D0BE62},klaas.debusschere@inbo.be,klaas.debusschere@inbo.be,,{C64A9C31-CDFD-4587-8D56-A67C21848B50},51194083,668609451,4.598324251999998,51.36458278399999,4326,4030,2026-08-27 12:00:00,2026-08-27 10:16:51,2026-08-27 10:10,,,778,4030,,,vrg_778_4030,5_10perc,
{78CE5374-0CDB-41B9-A8A3-7A3C53D0BE62},{78CE5374-0CDB-41B9-A8A3-7A3C53D0BE62},klaas.debusschere@inbo.be,klaas.debusschere@inbo.be,,{C64A9C31-CDFD-4587-8D56-A67C21848B50},51194083,668609451,4.598324251999998,51.36458278399999,4326,4030,2026-08-27 12:00:00,2026-08-27 10:16:51,2026-08-27 10:10,,,434,4030,1903,Rode dophei,vrg_434_4030_matrix_1903,afw,
{78CE5374-0CDB-41B9-A8A3-7A3C53D0BE62},{78CE5374-0CDB-41B9-A8A3-7A3C53D0BE62},klaas.debusschere@inbo.be,klaas.debusschere@inbo.be,,{C64A9C31-CDFD-4587-8D56-A67C21848B50},51194083,668609451,4.598324251999998,51.36458278399999,4326,4030,2026-08-27 12:00:00,2026-08-27 10:16:51,2026-08-27 10:10,,,434,4030,1609,Stekelbrem,vrg_434_4030_matrix_1609,afw,
{78CE5374-0CDB-41B9-A8A3-7A3C53D0BE62},{78CE5374-0CDB-41B9-A8A3-7A3C53D0BE62},klaas.debusschere@inbo.be,klaas.debusschere@inbo.be,,{C64A9C31-CDFD-4587-8D56-A67C21848B50},51194083,668609451,4.598324251999998,51.36458278399999,4326,4030,2026-08-27 12:00:00,2026-08-27 10:16:51,2026-08-27 10:10,,,1794,4030,,,vrg_1794_4030,t,
{78CE5374-0CDB-41B9-A8A3-7A3C53D0BE62},{78CE5374-0CDB-41B9-A8A3-7A3C53D0BE62},klaas.debusschere@inbo.be,klaas.debusschere@inbo.be,,{C64A9C31-CDFD-4587-8D56-A67C21848B50},51194083,668609451,4.598324251999998,51.36458278399999,4326,4030,2026-08-27 12:00:00,2026-08-27 10:16:51,2026-08-27 10:10,,,434,4030,1610,Kruipbrem,vrg_434_4030_matrix_1610,afw,
{78CE5374-0CDB-41B9-A8A3-7A3C53D0BE62},{78CE5374-0CDB-41B9-A8A3-7A3C53D0BE62},klaas.debusschere@inbo.be,klaas.debusschere@inbo.be,,{C64A9C31-CDFD-4587-8D56-A67C21848B50},51194083,668609451,4.598324251999998,51.36458278399999,4326,4030,2026-08-27 12:00:00,2026-08-27 10:16:51,2026-08-27 10:10,,,434,4030,1956,Klein warkruid,vrg_434_4030_matrix_1956,afw,
{78CE5374-0CDB-41B9-A8A3-7A3C53D0BE62},{78CE5374-0CDB-41B9-A8A3-7A3C53D0BE62},klaas.debusschere@inbo.be,klaas.debusschere@inbo.be,,{C64A9C31-CDFD-4587-8D56-A67C21848B50},51194083,668609451,4.598324251999998,51.36458278399999,4326,4030,2026-08-27 12:00:00,2026-08-27 10:16:51,2026-08-27 10:10,,,1748,4030,,,vrg_1748_4030,70_80perc,
{78CE5374-0CDB-41B9-A8A3-7A3C53D0BE62},{78CE5374-0CDB-41B9-A8A3-7A3C53D0BE62},klaas.debusschere@inbo.be,klaas.debusschere@inbo.be,,{C64A9C31-CDFD-4587-8D56-A67C21848B50},51194083,668609451,4.598324251999998,51.36458278399999,4326,4030,2026-08-27 12:00:00,2026-08-27 10:16:51,2026-08-27 10:10,,,434,4030,501,Tormentil,vrg_434_4030_matrix_501,afw,
{78CE5374-0CDB-41B9-A8A3-7A3C53D0BE62},{78CE5374-0CDB-41B9-A8A3-7A3C53D0BE62},klaas.debusschere@inbo.be,klaas.debusschere@inbo.be,,{C64A9C31-CDFD-4587-8D56-A67C21848B50},51194083,668609451,4.598324251999998,51.36458278399999,4326,4030,2026-08-27 12:00:00,2026-08-27 10:16:51,2026-08-27 10:10,,,434,4030,621,Kleine wolfsklauw,vrg_434_4030_matrix_621,afw,
{78CE5374-0CDB-41B9-A8A3-7A3C53D0BE62},{78CE5374-0CDB-41B9-A8A3-7A3C53D0BE62},klaas.debusschere@inbo.be,klaas.debusschere@inbo.be,,{C64A9C31-CDFD-4587-8D56-A67C21848B50},51194083,668609451,4.598324251999998,51.36458278399999,4326,4030,2026-08-27 12:00:00,2026-08-27 10:16:51,2026-08-27 10:10,,,434,4030,1339,Borstelgras,vrg_434_4030_matrix_1339,afw,
{78CE5374-0CDB-41B9-A8A3-7A3C53D0BE62},{78CE5374-0CDB-41B9-A8A3-7A3C53D0BE62},klaas.debusschere@inbo.be,klaas.debusschere@inbo.be,,{C64A9C31-CDFD-4587-8D56-A67C21848B50},51194083,668609451,4.598324251999998,51.36458278399999,4326,4030,2026-08-27 12:00:00,2026-08-27 10:16:51,2026-08-27 10:10,,,320,4030,1,Open plek,vrg_320_4030_matrix_1,zs,
{78CE5374-0CDB-41B9-A8A3-7A3C53D0BE62},{78CE5374-0CDB-41B9-A8A3-7A3C53D0BE62},klaas.debusschere@inbo.be,klaas.debusschere@inbo.be,,{C64A9C31-CDFD-4587-8D56-A67C21848B50},51194083,668609451,4.598324251999998,51.36458278399999,4326,4030,2026-08-27 12:00:00,2026-08-27 10:16:51,2026-08-27 10:10,,,320,4030,4,Climaxstadium,vrg_320_4030_matrix_4,zs,
{78CE5374-0CDB-41B9-A8A3-7A3C53D0BE62},{78CE5374-0CDB-41B9-A8A3-7A3C53D0BE62},klaas.debusschere@inbo.be,klaas.debusschere@inbo.be,,{C64A9C31-CDFD-4587-8D56-A67C21848B50},51194083,668609451,4.598324251999998,51.36458278399999,4326,4030,2026-08-27 12:00:00,2026-08-27 10:16:51,2026-08-27 10:10,,,320,4030,5,Degeneratiestadium,vrg_320_4030_matrix_5,afw,
{78CE5374-0CDB-41B9-A8A3-7A3C53D0BE62},{78CE5374-0CDB-41B9-A8A3-7A3C53D0BE62},klaas.debusschere@inbo.be,klaas.debusschere@inbo.be,,{C64A9C31-CDFD-4587-8D56-A67C21848B50},51194083,668609451,4.598324251999998,51.36458278399999,4326,4030,2026-08-27 12:00:00,2026-08-27 10:16:51,2026-08-27 10:10,,,320,4030,2,Pionierstadium,vrg_320_4030_matrix_2,zs,
{78CE5374-0CDB-41B9-A8A3-7A3C53D0BE62},{78CE5374-0CDB-41B9-A8A3-7A3C53D0BE62},klaas.debusschere@inbo.be,klaas.debusschere@inbo.be,,{C64A9C31-CDFD-4587-8D56-A67C21848B50},51194083,668609451,4.598324251999998,51.36458278399999,4326,4030,2026-08-27 12:00:00,2026-08-27 10:16:51,2026-08-27 10:10,,,320,4030,3,Ontwikkelingsstadium,vrg_320_4030_matrix_3,t,
{78CE5374-0CDB-41B9-A8A3-7A3C53D0BE62},{78CE5374-0CDB-41B9-A8A3-7A3C53D0BE62},klaas.debusschere@inbo.be,klaas.debusschere@inbo.be,,{C64A9C31-CDFD-4587-8D56-A67C21848B50},51194083,668609451,4.598324251999998,51.36458278399999,4326,4030,2026-08-27 12:00:00,2026-08-27 10:16:51,2026-08-27 10:10,,,434,4030,1260,Pilzegge,vrg_434_4030_matrix_1260,wt,
{78CE5374-0CDB-41B9-A8A3-7A3C53D0BE62},{78CE5374-0CDB-41B9-A8A3-7A3C53D0BE62},klaas.debusschere@inbo.be,klaas.debusschere@inbo.be,,{C64A9C31-CDFD-4587-8D56-A67C21848B50},51194083,668609451,4.598324251999998,51.36458278399999,4326,4030,2026-08-27 12:00:00,2026-08-27 10:16:51,2026-08-27 10:10,,,723,4030,1901,Struikhei,vrg_723_4030_matrix_1901,10_20perc,
{78CE5374-0CDB-41B9-A8A3-7A3C53D0BE62},{78CE5374-0CDB-41B9-A8A3-7A3C53D0BE62},klaas.debusschere@inbo.be,klaas.debusschere@inbo.be,,{C64A9C31-CDFD-4587-8D56-A67C21848B50},51194083,668609451,4.598324251999998,51.36458278399999,4326,4030,2026-08-27 12:00:00,2026-08-27 10:16:51,2026-08-27 10:10,,,1587,4030,,,vrg_1587_4030,zs,
{78CE5374-0CDB-41B9-A8A3-7A3C53D0BE62},{78CE5374-0CDB-41B9-A8A3-7A3C53D0BE62},klaas.debusschere@inbo.be,klaas.debusschere@inbo.be,,{C64A9C31-CDFD-4587-8D56-A67C21848B50},51194083,668609451,4.598324251999998,51.36458278399999,4326,4030,2026-08-27 12:00:00,2026-08-27 10:16:51,2026-08-27 10:10,,,434,4030,1093,Grote wolfsklauw,vrg_434_4030_matrix_1093,afw,
{78CE5374-0CDB-41B9-A8A3-7A3C53D0BE62},{78CE5374-0CDB-41B9-A8A3-7A3C53D0BE62},klaas.debusschere@inbo.be,klaas.debusschere@inbo.be,,{C64A9C31-CDFD-4587-8D56-A67C21848B50},51194083,668609451,4.598324251999998,51.36458278399999,4326,4030,2026-08-27 12:00:00,2026-08-27 10:16:51,2026-08-27 10:10,,,947,4030,,,vrg_947_4030,afw,
{7C4B775B-71B6-4845-A643-E720567153C6},{7C4B775B-71B6-4845-A643-E720567153C6},klaas.debusschere@inbo.be,klaas.debusschere@inbo.be, ,{9DE333E6-BA62-456A-81A8-C4F339C11070},51291092711985,668671072461999,4.608173449999981,51.368650350999985,4326,3130_na,2026-08-17 12:00:00,2026-08-20 11:23:04,2026-08-17 12:58,,,1016,3130_na,,,vrg_1016_3130_na,afw,
{7C4B775B-71B6-4845-A643-E720567153C6},{7C4B775B-71B6-4845-A643-E720567153C6},klaas.debusschere@inbo.be,klaas.debusschere@inbo.be, ,{9DE333E6-BA62-456A-81A8-C4F339C11070},51291092711985,668671072461999,4.608173449999981,51.368650350999985,4326,3130_na,2026-08-17 12:00:00,2026-08-20 11:23:04,2026-08-17 12:58,,,476,3130_na,3649,Dwergbloem,vrg_476_3130_na_matrix_3649,afw,
{7C4B775B-71B6-4845-A643-E720567153C6},{7C4B775B-71B6-4845-A643-E720567153C6},klaas.debusschere@inbo.be,klaas.debusschere@inbo.be, ,{9DE333E6-BA62-456A-81A8-C4F339C11070},51291092711985,668671072461999,4.608173449999981,51.368650350999985,4326,3130_na,2026-08-17 12:00:00,2026-08-20 11:23:04,2026-08-17 12:58,,,476,3130_na,1432,Priemkruid,vrg_476_3130_na_matrix_1432,afw,
{7C4B775B-71B6-4845-A643-E720567153C6},{7C4B775B-71B6-4845-A643-E720567153C6},klaas.debusschere@inbo.be,klaas.debusschere@inbo.be, ,{9DE333E6-BA62-456A-81A8-C4F339C11070},51291092711985,668671072461999,4.608173449999981,51.368650350999985,4326,3130_na,2026-08-17 12:00:00,2026-08-20 11:23:04,2026-08-17 12:58,,,476,3130_na,1579,Dwergvlas,vrg_476_3130_na_matrix_1579,afw,
{7C4B775B-71B6-4845-A643-E720567153C6},{7C4B775B-71B6-4845-A643-E720567153C6},klaas.debusschere@inbo.be,klaas.debusschere@inbo.be, ,{9DE333E6-BA62-456A-81A8-C4F339C11070},51291092711985,668671072461999,4.608173449999981,51.368650350999985,4326,3130_na,2026-08-17 12:00:00,2026-08-20 11:23:04,2026-08-17 12:58,,,2037,3130_na,,,vrg_2037_3130_na,5_10perc,
{7C4B775B-71B6-4845-A643-E720567153C6},{7C4B775B-71B6-4845-A643-E720567153C6},klaas.debusschere@inbo.be,klaas.debusschere@inbo.be, ,{9DE333E6-BA62-456A-81A8-C4F339C11070},51291092711985,668671072461999,4.608173449999981,51.368650350999985,4326,3130_na,2026-08-17 12:00:00,2026-08-20 11:23:04,2026-08-17 12:58,,,476,3130_na,1929,Draadgentiaan,vrg_476_3130_na_matrix_1929,afw,
{7C4B775B-71B6-4845-A643-E720567153C6},{7C4B775B-71B6-4845-A643-E720567153C6},klaas.debusschere@inbo.be,klaas.debusschere@inbo.be, ,{9DE333E6-BA62-456A-81A8-C4F339C11070},51291092711985,668671072461999,4.608173449999981,51.368650350999985,4326,3130_na,2026-08-17 12:00:00,2026-08-20 11:23:04,2026-08-17 12:58,,,476,3130_na,1931,Fraai duizendguldenkruid,vrg_476_3130_na_matrix_1931,afw,
{7C4B775B-71B6-4845-A643-E720567153C6},{7C4B775B-71B6-4845-A643-E720567153C6},klaas.debusschere@inbo.be,klaas.debusschere@inbo.be, ,{9DE333E6-BA62-456A-81A8-C4F339C11070},51291092711985,668671072461999,4.608173449999981,51.368650350999985,4326,3130_na,2026-08-17 12:00:00,2026-08-20 11:23:04,2026-08-17 12:58,,,476,3130_na,803,Geel cypergras,vrg_476_3130_na_matrix_803,afw,
{7C4B775B-71B6-4845-A643-E720567153C6},{7C4B775B-71B6-4845-A643-E720567153C6},klaas.debusschere@inbo.be,klaas.debusschere@inbo.be, ,{9DE333E6-BA62-456A-81A8-C4F339C11070},51291092711985,668671072461999,4.608173449999981,51.368650350999985,4326,3130_na,2026-08-17 12:00:00,2026-08-20 11:23:04,2026-08-17 12:58,,,476,3130_na,1192,Koprus,vrg_476_3130_na_matrix_1192,afw,
{7C4B775B-71B6-4845-A643-E720567153C6},{7C4B775B-71B6-4845-A643-E720567153C6},klaas.debusschere@inbo.be,klaas.debusschere@inbo.be, ,{9DE333E6-BA62-456A-81A8-C4F339C11070},51291092711985,668671072461999,4.608173449999981,51.368650350999985,4326,3130_na,2026-08-17 12:00:00,2026-08-20 11:23:04,2026-08-17 12:58,,,842,3130_na,,,vrg_842_3130_na,t,
{7C4B775B-71B6-4845-A643-E720567153C6},{7C4B775B-71B6-4845-A643-E720567153C6},klaas.debusschere@inbo.be,klaas.debusschere@inbo.be, ,{9DE333E6-BA62-456A-81A8-C4F339C11070},51291092711985,668671072461999,4.608173449999981,51.368650350999985,4326,3130_na,2026-08-17 12:00:00,2026-08-20 11:23:04,2026-08-17 12:58,,,2325,3130_na,,,vrg_2325_3130_na,,10.0
{7C4B775B-71B6-4845-A643-E720567153C6},{7C4B775B-71B6-4845-A643-E720567153C6},klaas.debusschere@inbo.be,klaas.debusschere@inbo.be, ,{9DE333E6-BA62-456A-81A8-C4F339C11070},51291092711985,668671072461999,4.608173449999981,51.368650350999985,4326,3130_na,2026-08-17 12:00:00,2026-08-20 11:23:04,2026-08-17 12:58,,,476,3130_na,663,Wijdbloeiende rus,vrg_476_3130_na_matrix_663,afw,
{7C4B775B-71B6-4845-A643-E720567153C6},{7C4B775B-71B6-4845-A643-E720567153C6},klaas.debusschere@inbo.be,klaas.debusschere@inbo.be, ,{9DE333E6-BA62-456A-81A8-C4F339C11070},51291092711985,668671072461999,4.608173449999981,51.368650350999985,4326,3130_na,2026-08-17 12:00:00,2026-08-20 11:23:04,2026-08-17 12:58,,,476,3130_na,664,Dwergrus,vrg_476_3130_na_matrix_664,afw,
{7C4B775B-71B6-4845-A643-E720567153C6},{7C4B775B-71B6-4845-A643-E720567153C6},klaas.debusschere@inbo.be,klaas.debusschere@inbo.be, ,{9DE333E6-BA62-456A-81A8-C4F339C11070},51291092711985,668671072461999,4.608173449999981,51.368650350999985,4326,3130_na,2026-08-17 12:00:00,2026-08-20 11:23:04,2026-08-17 12:58,,,476,3130_na,771,Eivormige waterbies,vrg_476_3130_na_matrix_771,afw,
{7C4B775B-71B6-4845-A643-E720567153C6},{7C4B775B-71B6-4845-A643-E720567153C6},klaas.debusschere@inbo.be,klaas.debusschere@inbo.be, ,{9DE333E6-BA62-456A-81A8-C4F339C11070},51291092711985,668671072461999,4.608173449999981,51.368650350999985,4326,3130_na,2026-08-17 12:00:00,2026-08-20 11:23:04,2026-08-17 12:58,,,4,3130_na,,,vrg_4_3130_na,afw,
{83EE8281-B6D1-4F57-8B0E-D105EA9D4D09},{83EE8281-B6D1-4F57-8B0E-D105EA9D4D09},joost.neujens@inbo.be,joost.neujens@inbo.be,,{330F06F7-F25B-45C8-8CB4-0F5765E7C9D3},55175139234352,662781629887748,4.3879367729999785,50.871809911000014,4326,4030,2026-08-26 12:00:00,2026-08-26 16:08:50,2026-08-26 16:07,Test joost bwk plot ingevuld?,ja,778,4030,,,vrg_778_4030,95_100perc,
{83EE8281-B6D1-4F57-8B0E-D105EA9D4D09},{83EE8281-B6D1-4F57-8B0E-D105EA9D4D09},joost.neujens@inbo.be,joost.neujens@inbo.be,,{330F06F7-F25B-45C8-8CB4-0F5765E7C9D3},55175139234352,662781629887748,4.3879367729999785,50.871809911000014,4326,4030,2026-08-26 12:00:00,2026-08-26 16:08:50,2026-08-26 16:07,Test joost bwk plot ingevuld?,ja,434,4030,1903,Rode dophei,vrg_434_4030_matrix_1903,afw,
{83EE8281-B6D1-4F57-8B0E-D105EA9D4D09},{83EE8281-B6D1-4F57-8B0E-D105EA9D4D09},joost.neujens@inbo.be,joost.neujens@inbo.be,,{330F06F7-F25B-45C8-8CB4-0F5765E7C9D3},55175139234352,662781629887748,4.3879367729999785,50.871809911000014,4326,4030,2026-08-26 12:00:00,2026-08-26 16:08:50,2026-08-26 16:07,Test joost bwk plot ingevuld?,ja,1794,4030,,,vrg_1794_4030,30_40perc,
{83EE8281-B6D1-4F57-8B0E-D105EA9D4D09},{83EE8281-B6D1-4F57-8B0E-D105EA9D4D09},joost.neujens@inbo.be,joost.neujens@inbo.be,,{330F06F7-F25B-45C8-8CB4-0F5765E7C9D3},55175139234352,662781629887748,4.3879367729999785,50.871809911000014,4326,4030,2026-08-26 12:00:00,2026-08-26 16:08:50,2026-08-26 16:07,Test joost bwk plot ingevuld?,ja,1748,4030,,,vrg_1748_4030,zs,
{83EE8281-B6D1-4F57-8B0E-D105EA9D4D09},{83EE8281-B6D1-4F57-8B0E-D105EA9D4D09},joost.neujens@inbo.be,joost.neujens@inbo.be,,{330F06F7-F25B-45C8-8CB4-0F5765E7C9D3},55175139234352,662781629887748,4.3879367729999785,50.871809911000014,4326,4030,2026-08-26 12:00:00,2026-08-26 16:08:50,2026-08-26 16:07,Test joost bwk plot ingevuld?,ja,434,4030,501,Tormentil,vrg_434_4030_matrix_501,wt,
{83EE8281-B6D1-4F57-8B0E-D105EA9D4D09},{83EE8281-B6D1-4F57-8B0E-D105EA9D4D09},joost.neujens@inbo.be,joost.neujens@inbo.be,,{330F06F7-F25B-45C8-8CB4-0F5765E7C9D3},55175139234352,662781629887748,4.3879367729999785,50.871809911000014,4326,4030,2026-08-26 12:00:00,2026-08-26 16:08:50,2026-08-26 16:07,Test joost bwk plot ingevuld?,ja,320,4030,1,Open plek,vrg_320_4030_matrix_1,afw,
{83EE8281-B6D1-4F57-8B0E-D105EA9D4D09},{83EE8281-B6D1-4F57-8B0E-D105EA9D4D09},joost.neujens@inbo.be,joost.neujens@inbo.be,,{330F06F7-F25B-45C8-8CB4-0F5765E7C9D3},55175139234352,662781629887748,4.3879367729999785,50.871809911000014,4326,4030,2026-08-26 12:00:00,2026-08-26 16:08:50,2026-08-26 16:07,Test joost bwk plot ingevuld?,ja,320,4030,4,Climaxstadium,vrg_320_4030_matrix_4,95_100perc,
{83EE8281-B6D1-4F57-8B0E-D105EA9D4D09},{83EE8281-B6D1-4F57-8B0E-D105EA9D4D09},joost.neujens@inbo.be,joost.neujens@inbo.be,,{330F06F7-F25B-45C8-8CB4-0F5765E7C9D3},55175139234352,662781629887748,4.3879367729999785,50.871809911000014,4326,4030,2026-08-26 12:00:00,2026-08-26 16:08:50,2026-08-26 16:07,Test joost bwk plot ingevuld?,ja,320,4030,2,Pionierstadium,vrg_320_4030_matrix_2,zs,
{83EE8281-B6D1-4F57-8B0E-D105EA9D4D09},{83EE8281-B6D1-4F57-8B0E-D105EA9D4D09},joost.neujens@inbo.be,joost.neujens@inbo.be,,{330F06F7-F25B-45C8-8CB4-0F5765E7C9D3},55175139234352,662781629887748,4.3879367729999785,50.871809911000014,4326,4030,2026-08-26 12:00:00,2026-08-26 16:08:50,2026-08-26 16:07,Test joost bwk plot ingevuld?,ja,320,4030,3,Ontwikkelingsstadium,vrg_320_4030_matrix_3,5_10perc,
{83EE8281-B6D1-4F57-8B0E-D105EA9D4D09},{83EE8281-B6D1-4F57-8B0E-D105EA9D4D09},joost.neujens@inbo.be,joost.neujens@inbo.be,,{330F06F7-F25B-45C8-8CB4-0F5765E7C9D3},55175139234352,662781629887748,4.3879367729999785,50.871809911000014,4326,4030,2026-08-26 12:00:00,2026-08-26 16:08:50,2026-08-26 16:07,Test joost bwk plot ingevuld?,ja,723,4030,1901,Struikhei,vrg_723_4030_matrix_1901,wt,
{83EE8281-B6D1-4F57-8B0E-D105EA9D4D09},{83EE8281-B6D1-4F57-8B0E-D105EA9D4D09},joost.neujens@inbo.be,joost.neujens@inbo.be,,{330F06F7-F25B-45C8-8CB4-0F5765E7C9D3},55175139234352,662781629887748,4.3879367729999785,50.871809911000014,4326,4030,2026-08-26 12:00:00,2026-08-26 16:08:50,2026-08-26 16:07,Test joost bwk plot ingevuld?,ja,1587,4030,,,vrg_1587_4030,zs,
{83EE8281-B6D1-4F57-8B0E-D105EA9D4D09},{83EE8281-B6D1-4F57-8B0E-D105EA9D4D09},joost.neujens@inbo.be,joost.neujens@inbo.be,,{330F06F7-F25B-45C8-8CB4-0F5765E7C9D3},55175139234352,662781629887748,4.3879367729999785,50.871809911000014,4326,4030,2026-08-26 12:00:00,2026-08-26 16:08:50,2026-08-26 16:07,Test joost bwk plot ingevuld?,ja,434,4030,1093,Grote wolfsklauw,vrg_434_4030_matrix_1093,afw,
{83EE8281-B6D1-4F57-8B0E-D105EA9D4D09},{83EE8281-B6D1-4F57-8B0E-D105EA9D4D09},joost.neujens@inbo.be,joost.neujens@inbo.be,,{330F06F7-F25B-45C8-8CB4-0F5765E7C9D3},55175139234352,662781629887748,4.3879367729999785,50.871809911000014,4326,4030,2026-08-26 12:00:00,2026-08-26 16:08:50,2026-08-26 16:07,Test joost bwk plot ingevuld?,ja,947,4030,,,vrg_947_4030,50_60perc,
{A186DEC9-E6DD-497B-BD5D-0AB07DCFC239},{A186DEC9-E6DD-497B-BD5D-0AB07DCFC239},johannes.jansen@inbo.be,johannes.jansen@inbo.be, ,{B058E6CA-A770-4657-AC4C-CFDC39993680},51196474,668586546,4.598262340000019,51.36329811000002,4326,4010,2026-08-27 12:00:00,2026-08-28 13:53:58,2026-08-27 09:20,,,608,4010,4296,Veenbies,vrg_608_4010_matrix_4296,zs,
{A186DEC9-E6DD-497B-BD5D-0AB07DCFC239},{A186DEC9-E6DD-497B-BD5D-0AB07DCFC239},johannes.jansen@inbo.be,johannes.jansen@inbo.be, ,{B058E6CA-A770-4657-AC4C-CFDC39993680},51196474,668586546,4.598262340000019,51.36329811000002,4326,4010,2026-08-27 12:00:00,2026-08-28 13:53:58,2026-08-27 09:20,,,608,4010,1902,Gewone dophei,vrg_608_4010_matrix_1902,wt,
{A186DEC9-E6DD-497B-BD5D-0AB07DCFC239},{A186DEC9-E6DD-497B-BD5D-0AB07DCFC239},johannes.jansen@inbo.be,johannes.jansen@inbo.be, ,{B058E6CA-A770-4657-AC4C-CFDC39993680},51196474,668586546,4.598262340000019,51.36329811000002,4326,4010,2026-08-27 12:00:00,2026-08-28 13:53:58,2026-08-27 09:20,,,608,4010,468,Bruine snavelbies,vrg_608_4010_matrix_468,zs,
{A186DEC9-E6DD-497B-BD5D-0AB07DCFC239},{A186DEC9-E6DD-497B-BD5D-0AB07DCFC239},johannes.jansen@inbo.be,johannes.jansen@inbo.be, ,{B058E6CA-A770-4657-AC4C-CFDC39993680},51196474,668586546,4.598262340000019,51.36329811000002,4326,4010,2026-08-27 12:00:00,2026-08-28 13:53:58,2026-08-27 09:20,,,634,4010,2702,Wrattig veenmos,vrg_634_4010_matrix_2702,afw,
{A186DEC9-E6DD-497B-BD5D-0AB07DCFC239},{A186DEC9-E6DD-497B-BD5D-0AB07DCFC239},johannes.jansen@inbo.be,johannes.jansen@inbo.be, ,{B058E6CA-A770-4657-AC4C-CFDC39993680},51196474,668586546,4.598262340000019,51.36329811000002,4326,4010,2026-08-27 12:00:00,2026-08-28 13:53:58,2026-08-27 09:20,,,634,4010,2708,Week veenmos,vrg_634_4010_matrix_2708,afw,
{A186DEC9-E6DD-497B-BD5D-0AB07DCFC239},{A186DEC9-E6DD-497B-BD5D-0AB07DCFC239},johannes.jansen@inbo.be,johannes.jansen@inbo.be, ,{B058E6CA-A770-4657-AC4C-CFDC39993680},51196474,668586546,4.598262340000019,51.36329811000002,4326,4010,2026-08-27 12:00:00,2026-08-28 13:53:58,2026-08-27 09:20,,,780,4010,,,vrg_780_4010,t,
{A186DEC9-E6DD-497B-BD5D-0AB07DCFC239},{A186DEC9-E6DD-497B-BD5D-0AB07DCFC239},johannes.jansen@inbo.be,johannes.jansen@inbo.be, ,{B058E6CA-A770-4657-AC4C-CFDC39993680},51196474,668586546,4.598262340000019,51.36329811000002,4326,4010,2026-08-27 12:00:00,2026-08-28 13:53:58,2026-08-27 09:20,,,1583,4010,,,vrg_1583_4010,zs,
{A186DEC9-E6DD-497B-BD5D-0AB07DCFC239},{A186DEC9-E6DD-497B-BD5D-0AB07DCFC239},johannes.jansen@inbo.be,johannes.jansen@inbo.be, ,{B058E6CA-A770-4657-AC4C-CFDC39993680},51196474,668586546,4.598262340000019,51.36329811000002,4326,4010,2026-08-27 12:00:00,2026-08-28 13:53:58,2026-08-27 09:20,,,634,4010,48,Zacht veenmos,vrg_634_4010_matrix_48,afw,
{A186DEC9-E6DD-497B-BD5D-0AB07DCFC239},{A186DEC9-E6DD-497B-BD5D-0AB07DCFC239},johannes.jansen@inbo.be,johannes.jansen@inbo.be, ,{B058E6CA-A770-4657-AC4C-CFDC39993680},51196474,668586546,4.598262340000019,51.36329811000002,4326,4010,2026-08-27 12:00:00,2026-08-28 13:53:58,2026-08-27 09:20,,,608,4010,1242,Witte snavelbies,vrg_608_4010_matrix_1242,s,
{A186DEC9-E6DD-497B-BD5D-0AB07DCFC239},{A186DEC9-E6DD-497B-BD5D-0AB07DCFC239},johannes.jansen@inbo.be,johannes.jansen@inbo.be, ,{B058E6CA-A770-4657-AC4C-CFDC39993680},51196474,668586546,4.598262340000019,51.36329811000002,4326,4010,2026-08-27 12:00:00,2026-08-28 13:53:58,2026-08-27 09:20,,,634,4010,4008,Glanzend veenmos,vrg_634_4010_matrix_4008,afw,
{A186DEC9-E6DD-497B-BD5D-0AB07DCFC239},{A186DEC9-E6DD-497B-BD5D-0AB07DCFC239},johannes.jansen@inbo.be,johannes.jansen@inbo.be, ,{B058E6CA-A770-4657-AC4C-CFDC39993680},51196474,668586546,4.598262340000019,51.36329811000002,4326,4010,2026-08-27 12:00:00,2026-08-28 13:53:58,2026-08-27 09:20,,,634,4010,4000,Kussentjesveenmos,vrg_634_4010_matrix_4000,afw,
{A186DEC9-E6DD-497B-BD5D-0AB07DCFC239},{A186DEC9-E6DD-497B-BD5D-0AB07DCFC239},johannes.jansen@inbo.be,johannes.jansen@inbo.be, ,{B058E6CA-A770-4657-AC4C-CFDC39993680},51196474,668586546,4.598262340000019,51.36329811000002,4326,4010,2026-08-27 12:00:00,2026-08-28 13:53:58,2026-08-27 09:20,,,608,4010,1744,Ronde zonnedauw,vrg_608_4010_matrix_1744,t,
{A186DEC9-E6DD-497B-BD5D-0AB07DCFC239},{A186DEC9-E6DD-497B-BD5D-0AB07DCFC239},johannes.jansen@inbo.be,johannes.jansen@inbo.be, ,{B058E6CA-A770-4657-AC4C-CFDC39993680},51196474,668586546,4.598262340000019,51.36329811000002,4326,4010,2026-08-27 12:00:00,2026-08-28 13:53:58,2026-08-27 09:20,,,1747,4010,,,vrg_1747_4010,60_70perc,
{A67AA995-F8E7-4F28-8CA0-93C91F4469FB},{A67AA995-F8E7-4F28-8CA0-93C91F4469FB},joost.neujens@inbo.be,joost.neujens@inbo.be,,{913345CC-8EAE-44F9-9B37-CDF267A6D694},55193840,662815803,4.3879366190000155,50.871805721999976,4326,3130_aom,2026-08-26 12:00:00,2026-08-26 16:39:47,2026-08-26 16:39,Test joost coördinaat,ja,805,3130_aom,,,vrg_805_3130_aom,s,
{A67AA995-F8E7-4F28-8CA0-93C91F4469FB},{A67AA995-F8E7-4F28-8CA0-93C91F4469FB},joost.neujens@inbo.be,joost.neujens@inbo.be,,{913345CC-8EAE-44F9-9B37-CDF267A6D694},55193840,662815803,4.3879366190000155,50.871805721999976,4326,3130_aom,2026-08-26 12:00:00,2026-08-26 16:39:47,2026-08-26 16:39,Test joost coördinaat,ja,1041,3130_aom,,,vrg_1041_3130_aom,afw,
{A67AA995-F8E7-4F28-8CA0-93C91F4469FB},{A67AA995-F8E7-4F28-8CA0-93C91F4469FB},joost.neujens@inbo.be,joost.neujens@inbo.be,,{913345CC-8EAE-44F9-9B37-CDF267A6D694},55193840,662815803,4.3879366190000155,50.871805721999976,4326,3130_aom,2026-08-26 12:00:00,2026-08-26 16:39:47,2026-08-26 16:39,Test joost coördinaat,ja,464,3130_aom,4232,Sierlijk glanswier,vrg_464_3130_aom_matrix_4232,wt,
{AFC6CDC7-3DB1-4253-A227-27EA2ABC64BB},{AFC6CDC7-3DB1-4253-A227-27EA2ABC64BB},johannes.jansen@inbo.be,johannes.jansen@inbo.be,,{584612F7-065B-4B8B-9EDF-F35070A93907},51205034,668601358,4.599848099999974,51.36415678999998,4326,4030,2026-08-27 12:00:00,2026-08-28 13:53:58,2026-08-27 11:03,,,434,4030,4167,Fijn schapengras,vrg_434_4030_matrix_4167,t,
{AFC6CDC7-3DB1-4253-A227-27EA2ABC64BB},{AFC6CDC7-3DB1-4253-A227-27EA2ABC64BB},johannes.jansen@inbo.be,johannes.jansen@inbo.be,,{584612F7-065B-4B8B-9EDF-F35070A93907},51205034,668601358,4.599848099999974,51.36415678999998,4326,4030,2026-08-27 12:00:00,2026-08-28 13:53:58,2026-08-27 11:03,,,778,4030,,,vrg_778_4030,60_70perc,
{AFC6CDC7-3DB1-4253-A227-27EA2ABC64BB},{AFC6CDC7-3DB1-4253-A227-27EA2ABC64BB},johannes.jansen@inbo.be,johannes.jansen@inbo.be,,{584612F7-065B-4B8B-9EDF-F35070A93907},51205034,668601358,4.599848099999974,51.36415678999998,4326,4030,2026-08-27 12:00:00,2026-08-28 13:53:58,2026-08-27 11:03,,,434,4030,1903,Rode dophei,vrg_434_4030_matrix_1903,wt,
{AFC6CDC7-3DB1-4253-A227-27EA2ABC64BB},{AFC6CDC7-3DB1-4253-A227-27EA2ABC64BB},johannes.jansen@inbo.be,johannes.jansen@inbo.be,,{584612F7-065B-4B8B-9EDF-F35070A93907},51205034,668601358,4.599848099999974,51.36415678999998,4326,4030,2026-08-27 12:00:00,2026-08-28 13:53:58,2026-08-27 11:03,,,1794,4030,,,vrg_1794_4030,afw,
{AFC6CDC7-3DB1-4253-A227-27EA2ABC64BB},{AFC6CDC7-3DB1-4253-A227-27EA2ABC64BB},johannes.jansen@inbo.be,johannes.jansen@inbo.be,,{584612F7-065B-4B8B-9EDF-F35070A93907},51205034,668601358,4.599848099999974,51.36415678999998,4326,4030,2026-08-27 12:00:00,2026-08-28 13:53:58,2026-08-27 11:03,,,1748,4030,,,vrg_1748_4030,5_10perc,
{AFC6CDC7-3DB1-4253-A227-27EA2ABC64BB},{AFC6CDC7-3DB1-4253-A227-27EA2ABC64BB},johannes.jansen@inbo.be,johannes.jansen@inbo.be,,{584612F7-065B-4B8B-9EDF-F35070A93907},51205034,668601358,4.599848099999974,51.36415678999998,4326,4030,2026-08-27 12:00:00,2026-08-28 13:53:58,2026-08-27 11:03,,,320,4030,4,Climaxstadium,vrg_320_4030_matrix_4,10_20perc,
{AFC6CDC7-3DB1-4253-A227-27EA2ABC64BB},{AFC6CDC7-3DB1-4253-A227-27EA2ABC64BB},johannes.jansen@inbo.be,johannes.jansen@inbo.be,,{584612F7-065B-4B8B-9EDF-F35070A93907},51205034,668601358,4.599848099999974,51.36415678999998,4326,4030,2026-08-27 12:00:00,2026-08-28 13:53:58,2026-08-27 11:03,,,320,4030,2,Pionierstadium,vrg_320_4030_matrix_2,t,
{AFC6CDC7-3DB1-4253-A227-27EA2ABC64BB},{AFC6CDC7-3DB1-4253-A227-27EA2ABC64BB},johannes.jansen@inbo.be,johannes.jansen@inbo.be,,{584612F7-065B-4B8B-9EDF-F35070A93907},51205034,668601358,4.599848099999974,51.36415678999998,4326,4030,2026-08-27 12:00:00,2026-08-28 13:53:58,2026-08-27 11:03,,,320,4030,3,Ontwikkelingsstadium,vrg_320_4030_matrix_3,60_70perc,
{AFC6CDC7-3DB1-4253-A227-27EA2ABC64BB},{AFC6CDC7-3DB1-4253-A227-27EA2ABC64BB},johannes.jansen@inbo.be,johannes.jansen@inbo.be,,{584612F7-065B-4B8B-9EDF-F35070A93907},51205034,668601358,4.599848099999974,51.36415678999998,4326,4030,2026-08-27 12:00:00,2026-08-28 13:53:58,2026-08-27 11:03,,,434,4030,1260,Pilzegge,vrg_434_4030_matrix_1260,t,
{AFC6CDC7-3DB1-4253-A227-27EA2ABC64BB},{AFC6CDC7-3DB1-4253-A227-27EA2ABC64BB},johannes.jansen@inbo.be,johannes.jansen@inbo.be,,{584612F7-065B-4B8B-9EDF-F35070A93907},51205034,668601358,4.599848099999974,51.36415678999998,4326,4030,2026-08-27 12:00:00,2026-08-28 13:53:58,2026-08-27 11:03,,,723,4030,1901,Struikhei,vrg_723_4030_matrix_1901,60_70perc,
{AFC6CDC7-3DB1-4253-A227-27EA2ABC64BB},{AFC6CDC7-3DB1-4253-A227-27EA2ABC64BB},johannes.jansen@inbo.be,johannes.jansen@inbo.be,,{584612F7-065B-4B8B-9EDF-F35070A93907},51205034,668601358,4.599848099999974,51.36415678999998,4326,4030,2026-08-27 12:00:00,2026-08-28 13:53:58,2026-08-27 11:03,,,1587,4030,,,vrg_1587_4030,afw,
{AFC6CDC7-3DB1-4253-A227-27EA2ABC64BB},{AFC6CDC7-3DB1-4253-A227-27EA2ABC64BB},johannes.jansen@inbo.be,johannes.jansen@inbo.be,,{584612F7-065B-4B8B-9EDF-F35070A93907},51205034,668601358,4.599848099999974,51.36415678999998,4326,4030,2026-08-27 12:00:00,2026-08-28 13:53:58,2026-08-27 11:03,,,947,4030,,,vrg_947_4030,wt,
{CF23479D-5150-4165-8AF9-92793670156B},{CF23479D-5150-4165-8AF9-92793670156B},klaas.debusschere@inbo.be,klaas.debusschere@inbo.be, ,{9DE333E6-BA62-456A-81A8-C4F339C11070},51291092711985,668671072461999,4.608168460000002,51.36867323600001,4326,3130_aom,2026-08-17 12:00:00,2026-08-20 11:23:04,2026-08-17 12:53,,,2040,3130_aom,,,vrg_2040_3130_aom,5_10perc,
{CF23479D-5150-4165-8AF9-92793670156B},{CF23479D-5150-4165-8AF9-92793670156B},klaas.debusschere@inbo.be,klaas.debusschere@inbo.be, ,{9DE333E6-BA62-456A-81A8-C4F339C11070},51291092711985,668671072461999,4.608168460000002,51.36867323600001,4326,3130_aom,2026-08-17 12:00:00,2026-08-20 11:23:04,2026-08-17 12:53,,,464,3130_aom,1145,Ongelijkbladig fonteinkruid,vrg_464_3130_aom_matrix_1145,afw,
{CF23479D-5150-4165-8AF9-92793670156B},{CF23479D-5150-4165-8AF9-92793670156B},klaas.debusschere@inbo.be,klaas.debusschere@inbo.be, ,{9DE333E6-BA62-456A-81A8-C4F339C11070},51291092711985,668671072461999,4.608168460000002,51.36867323600001,4326,3130_aom,2026-08-17 12:00:00,2026-08-20 11:23:04,2026-08-17 12:53,,,805,3130_aom,,,vrg_805_3130_aom,t,
{CF23479D-5150-4165-8AF9-92793670156B},{CF23479D-5150-4165-8AF9-92793670156B},klaas.debusschere@inbo.be,klaas.debusschere@inbo.be, ,{9DE333E6-BA62-456A-81A8-C4F339C11070},51291092711985,668671072461999,4.608168460000002,51.36867323600001,4326,3130_aom,2026-08-17 12:00:00,2026-08-20 11:23:04,2026-08-17 12:53,,,464,3130_aom,1125,Moerasweegbree,vrg_464_3130_aom_matrix_1125,afw,
{CF23479D-5150-4165-8AF9-92793670156B},{CF23479D-5150-4165-8AF9-92793670156B},klaas.debusschere@inbo.be,klaas.debusschere@inbo.be, ,{9DE333E6-BA62-456A-81A8-C4F339C11070},51291092711985,668671072461999,4.608168460000002,51.36867323600001,4326,3130_aom,2026-08-17 12:00:00,2026-08-20 11:23:04,2026-08-17 12:53,,,464,3130_aom,1122,Pilvaren,vrg_464_3130_aom_matrix_1122,afw,
{CF23479D-5150-4165-8AF9-92793670156B},{CF23479D-5150-4165-8AF9-92793670156B},klaas.debusschere@inbo.be,klaas.debusschere@inbo.be, ,{9DE333E6-BA62-456A-81A8-C4F339C11070},51291092711985,668671072461999,4.608168460000002,51.36867323600001,4326,3130_aom,2026-08-17 12:00:00,2026-08-20 11:23:04,2026-08-17 12:53,,,903,3130_aom,,,vrg_903_3130_aom,5_10perc,
{CF23479D-5150-4165-8AF9-92793670156B},{CF23479D-5150-4165-8AF9-92793670156B},klaas.debusschere@inbo.be,klaas.debusschere@inbo.be, ,{9DE333E6-BA62-456A-81A8-C4F339C11070},51291092711985,668671072461999,4.608168460000002,51.36867323600001,4326,3130_aom,2026-08-17 12:00:00,2026-08-20 11:23:04,2026-08-17 12:53,,,2321,3130_aom,,,vrg_2321_3130_aom,,10.0
{CF23479D-5150-4165-8AF9-92793670156B},{CF23479D-5150-4165-8AF9-92793670156B},klaas.debusschere@inbo.be,klaas.debusschere@inbo.be, ,{9DE333E6-BA62-456A-81A8-C4F339C11070},51291092711985,668671072461999,4.608168460000002,51.36867323600001,4326,3130_aom,2026-08-17 12:00:00,2026-08-20 11:23:04,2026-08-17 12:53,,,464,3130_aom,944,Ondergedoken moerasscherm,vrg_464_3130_aom_matrix_944,afw,
{CF23479D-5150-4165-8AF9-92793670156B},{CF23479D-5150-4165-8AF9-92793670156B},klaas.debusschere@inbo.be,klaas.debusschere@inbo.be, ,{9DE333E6-BA62-456A-81A8-C4F339C11070},51291092711985,668671072461999,4.608168460000002,51.36867323600001,4326,3130_aom,2026-08-17 12:00:00,2026-08-20 11:23:04,2026-08-17 12:53,,,464,3130_aom,3701,Vlottende bies,vrg_464_3130_aom_matrix_3701,zs,
{CF23479D-5150-4165-8AF9-92793670156B},{CF23479D-5150-4165-8AF9-92793670156B},klaas.debusschere@inbo.be,klaas.debusschere@inbo.be, ,{9DE333E6-BA62-456A-81A8-C4F339C11070},51291092711985,668671072461999,4.608168460000002,51.36867323600001,4326,3130_aom,2026-08-17 12:00:00,2026-08-20 11:23:04,2026-08-17 12:53,,,464,3130_aom,1764,Teer vederkruid,vrg_464_3130_aom_matrix_1764,afw,
{CF23479D-5150-4165-8AF9-92793670156B},{CF23479D-5150-4165-8AF9-92793670156B},klaas.debusschere@inbo.be,klaas.debusschere@inbo.be, ,{9DE333E6-BA62-456A-81A8-C4F339C11070},51291092711985,668671072461999,4.608168460000002,51.36867323600001,4326,3130_aom,2026-08-17 12:00:00,2026-08-20 11:23:04,2026-08-17 12:53,,,464,3130_aom,625,Drijvende waterweegbree,vrg_464_3130_aom_matrix_625,afw,
{CF23479D-5150-4165-8AF9-92793670156B},{CF23479D-5150-4165-8AF9-92793670156B},klaas.debusschere@inbo.be,klaas.debusschere@inbo.be, ,{9DE333E6-BA62-456A-81A8-C4F339C11070},51291092711985,668671072461999,4.608168460000002,51.36867323600001,4326,3130_aom,2026-08-17 12:00:00,2026-08-20 11:23:04,2026-08-17 12:53,,,464,3130_aom,632,Oeverkruid,vrg_464_3130_aom_matrix_632,zs,
{CF23479D-5150-4165-8AF9-92793670156B},{CF23479D-5150-4165-8AF9-92793670156B},klaas.debusschere@inbo.be,klaas.debusschere@inbo.be, ,{9DE333E6-BA62-456A-81A8-C4F339C11070},51291092711985,668671072461999,4.608168460000002,51.36867323600001,4326,3130_aom,2026-08-17 12:00:00,2026-08-20 11:23:04,2026-08-17 12:53,,,1041,3130_aom,,,vrg_1041_3130_aom,afw,
{CF23479D-5150-4165-8AF9-92793670156B},{CF23479D-5150-4165-8AF9-92793670156B},klaas.debusschere@inbo.be,klaas.debusschere@inbo.be, ,{9DE333E6-BA62-456A-81A8-C4F339C11070},51291092711985,668671072461999,4.608168460000002,51.36867323600001,4326,3130_aom,2026-08-17 12:00:00,2026-08-20 11:23:04,2026-08-17 12:53,,,464,3130_aom,477,Witte waterranonkel,vrg_464_3130_aom_matrix_477,afw,
{CF23479D-5150-4165-8AF9-92793670156B},{CF23479D-5150-4165-8AF9-92793670156B},klaas.debusschere@inbo.be,klaas.debusschere@inbo.be, ,{9DE333E6-BA62-456A-81A8-C4F339C11070},51291092711985,668671072461999,4.608168460000002,51.36867323600001,4326,3130_aom,2026-08-17 12:00:00,2026-08-20 11:23:04,2026-08-17 12:53,,,464,3130_aom,4266,Duizendknoopfonteinkruid,vrg_464_3130_aom_matrix_4266,afw,
{CF23479D-5150-4165-8AF9-92793670156B},{CF23479D-5150-4165-8AF9-92793670156B},klaas.debusschere@inbo.be,klaas.debusschere@inbo.be, ,{9DE333E6-BA62-456A-81A8-C4F339C11070},51291092711985,668671072461999,4.608168460000002,51.36867323600001,4326,3130_aom,2026-08-17 12:00:00,2026-08-20 11:23:04,2026-08-17 12:53,,,464,3130_aom,4135,Moerassmele,vrg_464_3130_aom_matrix_4135,afw,
{CF23479D-5150-4165-8AF9-92793670156B},{CF23479D-5150-4165-8AF9-92793670156B},klaas.debusschere@inbo.be,klaas.debusschere@inbo.be, ,{9DE333E6-BA62-456A-81A8-C4F339C11070},51291092711985,668671072461999,4.608168460000002,51.36867323600001,4326,3130_aom,2026-08-17 12:00:00,2026-08-20 11:23:04,2026-08-17 12:53,,,464,3130_aom,4232,Sierlijk glanswier,vrg_464_3130_aom_matrix_4232,afw,
{CF23479D-5150-4165-8AF9-92793670156B},{CF23479D-5150-4165-8AF9-92793670156B},klaas.debusschere@inbo.be,klaas.debusschere@inbo.be, ,{9DE333E6-BA62-456A-81A8-C4F339C11070},51291092711985,668671072461999,4.608168460000002,51.36867323600001,4326,3130_aom,2026-08-17 12:00:00,2026-08-20 11:23:04,2026-08-17 12:53,,,464,3130_aom,4237,Doorschijnend glanswier,vrg_464_3130_aom_matrix_4237,afw,
{F46472D1-1C7A-457D-9994-B5CB33B2B461},{F46472D1-1C7A-457D-9994-B5CB33B2B461},klaas.debusschere@inbo.be,klaas.debusschere@inbo.be,,{D076DE6A-F5E3-4B9A-AB7C-D6D95CEB7D15},51327101889788,668676976257085,4.611053604999995,51.36830842500001,4326,3130_aom,2026-08-17 12:00:00,2026-08-20 11:23:04,2026-08-17 11:01,,,2040,3130_aom,,,vrg_2040_3130_aom,t,
{F46472D1-1C7A-457D-9994-B5CB33B2B461},{F46472D1-1C7A-457D-9994-B5CB33B2B461},klaas.debusschere@inbo.be,klaas.debusschere@inbo.be,,{D076DE6A-F5E3-4B9A-AB7C-D6D95CEB7D15},51327101889788,668676976257085,4.611053604999995,51.36830842500001,4326,3130_aom,2026-08-17 12:00:00,2026-08-20 11:23:04,2026-08-17 11:01,,,464,3130_aom,1145,Ongelijkbladig fonteinkruid,vrg_464_3130_aom_matrix_1145,afw,
{F46472D1-1C7A-457D-9994-B5CB33B2B461},{F46472D1-1C7A-457D-9994-B5CB33B2B461},klaas.debusschere@inbo.be,klaas.debusschere@inbo.be,,{D076DE6A-F5E3-4B9A-AB7C-D6D95CEB7D15},51327101889788,668676976257085,4.611053604999995,51.36830842500001,4326,3130_aom,2026-08-17 12:00:00,2026-08-20 11:23:04,2026-08-17 11:01,,,805,3130_aom,,,vrg_805_3130_aom,t,
{F46472D1-1C7A-457D-9994-B5CB33B2B461},{F46472D1-1C7A-457D-9994-B5CB33B2B461},klaas.debusschere@inbo.be,klaas.debusschere@inbo.be,,{D076DE6A-F5E3-4B9A-AB7C-D6D95CEB7D15},51327101889788,668676976257085,4.611053604999995,51.36830842500001,4326,3130_aom,2026-08-17 12:00:00,2026-08-20 11:23:04,2026-08-17 11:01,,,464,3130_aom,1125,Moerasweegbree,vrg_464_3130_aom_matrix_1125,afw,
{F46472D1-1C7A-457D-9994-B5CB33B2B461},{F46472D1-1C7A-457D-9994-B5CB33B2B461},klaas.debusschere@inbo.be,klaas.debusschere@inbo.be,,{D076DE6A-F5E3-4B9A-AB7C-D6D95CEB7D15},51327101889788,668676976257085,4.611053604999995,51.36830842500001,4326,3130_aom,2026-08-17 12:00:00,2026-08-20 11:23:04,2026-08-17 11:01,,,464,3130_aom,1122,Pilvaren,vrg_464_3130_aom_matrix_1122,afw,
{F46472D1-1C7A-457D-9994-B5CB33B2B461},{F46472D1-1C7A-457D-9994-B5CB33B2B461},klaas.debusschere@inbo.be,klaas.debusschere@inbo.be,,{D076DE6A-F5E3-4B9A-AB7C-D6D95CEB7D15},51327101889788,668676976257085,4.611053604999995,51.36830842500001,4326,3130_aom,2026-08-17 12:00:00,2026-08-20 11:23:04,2026-08-17 11:01,,,903,3130_aom,,,vrg_903_3130_aom,t,
{F46472D1-1C7A-457D-9994-B5CB33B2B461},{F46472D1-1C7A-457D-9994-B5CB33B2B461},klaas.debusschere@inbo.be,klaas.debusschere@inbo.be,,{D076DE6A-F5E3-4B9A-AB7C-D6D95CEB7D15},51327101889788,668676976257085,4.611053604999995,51.36830842500001,4326,3130_aom,2026-08-17 12:00:00,2026-08-20 11:23:04,2026-08-17 11:01,,,2321,3130_aom,,,vrg_2321_3130_aom,,10.0
{F46472D1-1C7A-457D-9994-B5CB33B2B461},{F46472D1-1C7A-457D-9994-B5CB33B2B461},klaas.debusschere@inbo.be,klaas.debusschere@inbo.be,,{D076DE6A-F5E3-4B9A-AB7C-D6D95CEB7D15},51327101889788,668676976257085,4.611053604999995,51.36830842500001,4326,3130_aom,2026-08-17 12:00:00,2026-08-20 11:23:04,2026-08-17 11:01,,,464,3130_aom,944,Ondergedoken moerasscherm,vrg_464_3130_aom_matrix_944,afw,
{F46472D1-1C7A-457D-9994-B5CB33B2B461},{F46472D1-1C7A-457D-9994-B5CB33B2B461},klaas.debusschere@inbo.be,klaas.debusschere@inbo.be,,{D076DE6A-F5E3-4B9A-AB7C-D6D95CEB7D15},51327101889788,668676976257085,4.611053604999995,51.36830842500001,4326,3130_aom,2026-08-17 12:00:00,2026-08-20 11:23:04,2026-08-17 11:01,,,464,3130_aom,3701,Vlottende bies,vrg_464_3130_aom_matrix_3701,5_10perc,
{F46472D1-1C7A-457D-9994-B5CB33B2B461},{F46472D1-1C7A-457D-9994-B5CB33B2B461},klaas.debusschere@inbo.be,klaas.debusschere@inbo.be,,{D076DE6A-F5E3-4B9A-AB7C-D6D95CEB7D15},51327101889788,668676976257085,4.611053604999995,51.36830842500001,4326,3130_aom,2026-08-17 12:00:00,2026-08-20 11:23:04,2026-08-17 11:01,,,464,3130_aom,1764,Teer vederkruid,vrg_464_3130_aom_matrix_1764,afw,
{F46472D1-1C7A-457D-9994-B5CB33B2B461},{F46472D1-1C7A-457D-9994-B5CB33B2B461},klaas.debusschere@inbo.be,klaas.debusschere@inbo.be,,{D076DE6A-F5E3-4B9A-AB7C-D6D95CEB7D15},51327101889788,668676976257085,4.611053604999995,51.36830842500001,4326,3130_aom,2026-08-17 12:00:00,2026-08-20 11:23:04,2026-08-17 11:01,,,464,3130_aom,625,Drijvende waterweegbree,vrg_464_3130_aom_matrix_625,afw,
{F46472D1-1C7A-457D-9994-B5CB33B2B461},{F46472D1-1C7A-457D-9994-B5CB33B2B461},klaas.debusschere@inbo.be,klaas.debusschere@inbo.be,,{D076DE6A-F5E3-4B9A-AB7C-D6D95CEB7D15},51327101889788,668676976257085,4.611053604999995,51.36830842500001,4326,3130_aom,2026-08-17 12:00:00,2026-08-20 11:23:04,2026-08-17 11:01,,,464,3130_aom,632,Oeverkruid,vrg_464_3130_aom_matrix_632,afw,
{F46472D1-1C7A-457D-9994-B5CB33B2B461},{F46472D1-1C7A-457D-9994-B5CB33B2B461},klaas.debusschere@inbo.be,klaas.debusschere@inbo.be,,{D076DE6A-F5E3-4B9A-AB7C-D6D95CEB7D15},51327101889788,668676976257085,4.611053604999995,51.36830842500001,4326,3130_aom,2026-08-17 12:00:00,2026-08-20 11:23:04,2026-08-17 11:01,,,1041,3130_aom,,,vrg_1041_3130_aom,afw,
{F46472D1-1C7A-457D-9994-B5CB33B2B461},{F46472D1-1C7A-457D-9994-B5CB33B2B461},klaas.debusschere@inbo.be,klaas.debusschere@inbo.be,,{D076DE6A-F5E3-4B9A-AB7C-D6D95CEB7D15},51327101889788,668676976257085,4.611053604999995,51.36830842500001,4326,3130_aom,2026-08-17 12:00:00,2026-08-20 11:23:04,2026-08-17 11:01,,,464,3130_aom,477,Witte waterranonkel,vrg_464_3130_aom_matrix_477,afw,
{F46472D1-1C7A-457D-9994-B5CB33B2B461},{F46472D1-1C7A-457D-9994-B5CB33B2B461},klaas.debusschere@inbo.be,klaas.debusschere@inbo.be,,{D076DE6A-F5E3-4B9A-AB7C-D6D95CEB7D15},51327101889788,668676976257085,4.611053604999995,51.36830842500001,4326,3130_aom,2026-08-17 12:00:00,2026-08-20 11:23:04,2026-08-17 11:01,,,464,3130_aom,4266,Duizendknoopfonteinkruid,vrg_464_3130_aom_matrix_4266,s,
{F46472D1-1C7A-457D-9994-B5CB33B2B461},{F46472D1-1C7A-457D-9994-B5CB33B2B461},klaas.debusschere@inbo.be,klaas.debusschere@inbo.be,,{D076DE6A-F5E3-4B9A-AB7C-D6D95CEB7D15},51327101889788,668676976257085,4.611053604999995,51.36830842500001,4326,3130_aom,2026-08-17 12:00:00,2026-08-20 11:23:04,2026-08-17 11:01,,,464,3130_aom,4135,Moerassmele,vrg_464_3130_aom_matrix_4135,afw,
{F46472D1-1C7A-457D-9994-B5CB33B2B461},{F46472D1-1C7A-457D-9994-B5CB33B2B461},klaas.debusschere@inbo.be,klaas.debusschere@inbo.be,,{D076DE6A-F5E3-4B9A-AB7C-D6D95CEB7D15},51327101889788,668676976257085,4.611053604999995,51.36830842500001,4326,3130_aom,2026-08-17 12:00:00,2026-08-20 11:23:04,2026-08-17 11:01,,,464,3130_aom,4232,Sierlijk glanswier,vrg_464_3130_aom_matrix_4232,afw,
{F46472D1-1C7A-457D-9994-B5CB33B2B461},{F46472D1-1C7A-457D-9994-B5CB33B2B461},klaas.debusschere@inbo.be,klaas.debusschere@inbo.be,,{D076DE6A-F5E3-4B9A-AB7C-D6D95CEB7D15},51327101889788,668676976257085,4.611053604999995,51.36830842500001,4326,3130_aom,2026-08-17 12:00:00,2026-08-20 11:23:04,2026-08-17 11:01,,,464,3130_aom,4237,Doorschijnend glanswier,vrg_464_3130_aom_matrix_4237,afw,
{FA687D1B-2049-4FFB-B990-AFCA2FEFFFC7},{FA687D1B-2049-4FFB-B990-AFCA2FEFFFC7},klaas.debusschere@inbo.be,klaas.debusschere@inbo.be,,{21760360-76C6-4830-AA1F-E062663F429E},51384364580748,668749012239964,4.782283905999975,51.218653639000024,4326,4010,2026-07-31 12:00:00,2026-08-20 11:23:03,2026-07-31 13:59,,,608,4010,4296,Veenbies,vrg_608_4010_matrix_4296,wt,
{FA687D1B-2049-4FFB-B990-AFCA2FEFFFC7},{FA687D1B-2049-4FFB-B990-AFCA2FEFFFC7},klaas.debusschere@inbo.be,klaas.debusschere@inbo.be,,{21760360-76C6-4830-AA1F-E062663F429E},51384364580748,668749012239964,4.782283905999975,51.218653639000024,4326,4010,2026-07-31 12:00:00,2026-08-20 11:23:03,2026-07-31 13:59,,,608,4010,1902,Gewone dophei,vrg_608_4010_matrix_1902,50_60perc,
{FA687D1B-2049-4FFB-B990-AFCA2FEFFFC7},{FA687D1B-2049-4FFB-B990-AFCA2FEFFFC7},klaas.debusschere@inbo.be,klaas.debusschere@inbo.be,,{21760360-76C6-4830-AA1F-E062663F429E},51384364580748,668749012239964,4.782283905999975,51.218653639000024,4326,4010,2026-07-31 12:00:00,2026-08-20 11:23:03,2026-07-31 13:59,,,608,4010,1932,Klokjesgentiaan,vrg_608_4010_matrix_1932,afw,
{FA687D1B-2049-4FFB-B990-AFCA2FEFFFC7},{FA687D1B-2049-4FFB-B990-AFCA2FEFFFC7},klaas.debusschere@inbo.be,klaas.debusschere@inbo.be,,{21760360-76C6-4830-AA1F-E062663F429E},51384364580748,668749012239964,4.782283905999975,51.218653639000024,4326,4010,2026-07-31 12:00:00,2026-08-20 11:23:03,2026-07-31 13:59,,,608,4010,468,Bruine snavelbies,vrg_608_4010_matrix_468,afw,
{FA687D1B-2049-4FFB-B990-AFCA2FEFFFC7},{FA687D1B-2049-4FFB-B990-AFCA2FEFFFC7},klaas.debusschere@inbo.be,klaas.debusschere@inbo.be,,{21760360-76C6-4830-AA1F-E062663F429E},51384364580748,668749012239964,4.782283905999975,51.218653639000024,4326,4010,2026-07-31 12:00:00,2026-08-20 11:23:03,2026-07-31 13:59,,,634,4010,2702,Wrattig veenmos,vrg_634_4010_matrix_2702,afw,
{FA687D1B-2049-4FFB-B990-AFCA2FEFFFC7},{FA687D1B-2049-4FFB-B990-AFCA2FEFFFC7},klaas.debusschere@inbo.be,klaas.debusschere@inbo.be,,{21760360-76C6-4830-AA1F-E062663F429E},51384364580748,668749012239964,4.782283905999975,51.218653639000024,4326,4010,2026-07-31 12:00:00,2026-08-20 11:23:03,2026-07-31 13:59,,,634,4010,2708,Week veenmos,vrg_634_4010_matrix_2708,afw,
{FA687D1B-2049-4FFB-B990-AFCA2FEFFFC7},{FA687D1B-2049-4FFB-B990-AFCA2FEFFFC7},klaas.debusschere@inbo.be,klaas.debusschere@inbo.be,,{21760360-76C6-4830-AA1F-E062663F429E},51384364580748,668749012239964,4.782283905999975,51.218653639000024,4326,4010,2026-07-31 12:00:00,2026-08-20 11:23:03,2026-07-31 13:59,,,608,4010,1180,Trekrus,vrg_608_4010_matrix_1180,wt,
{FA687D1B-2049-4FFB-B990-AFCA2FEFFFC7},{FA687D1B-2049-4FFB-B990-AFCA2FEFFFC7},klaas.debusschere@inbo.be,klaas.debusschere@inbo.be,,{21760360-76C6-4830-AA1F-E062663F429E},51384364580748,668749012239964,4.782283905999975,51.218653639000024,4326,4010,2026-07-31 12:00:00,2026-08-20 11:23:03,2026-07-31 13:59,,,780,4010,,,vrg_780_4010,50_60perc,
{FA687D1B-2049-4FFB-B990-AFCA2FEFFFC7},{FA687D1B-2049-4FFB-B990-AFCA2FEFFFC7},klaas.debusschere@inbo.be,klaas.debusschere@inbo.be,,{21760360-76C6-4830-AA1F-E062663F429E},51384364580748,668749012239964,4.782283905999975,51.218653639000024,4326,4010,2026-07-31 12:00:00,2026-08-20 11:23:03,2026-07-31 13:59,,,608,4010,4225,Beenbreek,vrg_608_4010_matrix_4225,afw,
{FA687D1B-2049-4FFB-B990-AFCA2FEFFFC7},{FA687D1B-2049-4FFB-B990-AFCA2FEFFFC7},klaas.debusschere@inbo.be,klaas.debusschere@inbo.be,,{21760360-76C6-4830-AA1F-E062663F429E},51384364580748,668749012239964,4.782283905999975,51.218653639000024,4326,4010,2026-07-31 12:00:00,2026-08-20 11:23:03,2026-07-31 13:59,,,608,4010,751,Veenpluis,vrg_608_4010_matrix_751,afw,
{FA687D1B-2049-4FFB-B990-AFCA2FEFFFC7},{FA687D1B-2049-4FFB-B990-AFCA2FEFFFC7},klaas.debusschere@inbo.be,klaas.debusschere@inbo.be,,{21760360-76C6-4830-AA1F-E062663F429E},51384364580748,668749012239964,4.782283905999975,51.218653639000024,4326,4010,2026-07-31 12:00:00,2026-08-20 11:23:03,2026-07-31 13:59,,,1583,4010,,,vrg_1583_4010,t,
{FA687D1B-2049-4FFB-B990-AFCA2FEFFFC7},{FA687D1B-2049-4FFB-B990-AFCA2FEFFFC7},klaas.debusschere@inbo.be,klaas.debusschere@inbo.be,,{21760360-76C6-4830-AA1F-E062663F429E},51384364580748,668749012239964,4.782283905999975,51.218653639000024,4326,4010,2026-07-31 12:00:00,2026-08-20 11:23:03,2026-07-31 13:59,,,634,4010,48,Zacht veenmos,vrg_634_4010_matrix_48,afw,
{FA687D1B-2049-4FFB-B990-AFCA2FEFFFC7},{FA687D1B-2049-4FFB-B990-AFCA2FEFFFC7},klaas.debusschere@inbo.be,klaas.debusschere@inbo.be,,{21760360-76C6-4830-AA1F-E062663F429E},51384364580748,668749012239964,4.782283905999975,51.218653639000024,4326,4010,2026-07-31 12:00:00,2026-08-20 11:23:03,2026-07-31 13:59,,,608,4010,1249,Tweenervige zegge,vrg_608_4010_matrix_1249,afw,
{FA687D1B-2049-4FFB-B990-AFCA2FEFFFC7},{FA687D1B-2049-4FFB-B990-AFCA2FEFFFC7},klaas.debusschere@inbo.be,klaas.debusschere@inbo.be,,{21760360-76C6-4830-AA1F-E062663F429E},51384364580748,668749012239964,4.782283905999975,51.218653639000024,4326,4010,2026-07-31 12:00:00,2026-08-20 11:23:03,2026-07-31 13:59,,,608,4010,1242,Witte snavelbies,vrg_608_4010_matrix_1242,afw,
{FA687D1B-2049-4FFB-B990-AFCA2FEFFFC7},{FA687D1B-2049-4FFB-B990-AFCA2FEFFFC7},klaas.debusschere@inbo.be,klaas.debusschere@inbo.be,,{21760360-76C6-4830-AA1F-E062663F429E},51384364580748,668749012239964,4.782283905999975,51.218653639000024,4326,4010,2026-07-31 12:00:00,2026-08-20 11:23:03,2026-07-31 13:59,,,634,4010,4008,Glanzend veenmos,vrg_634_4010_matrix_4008,afw,
{FA687D1B-2049-4FFB-B990-AFCA2FEFFFC7},{FA687D1B-2049-4FFB-B990-AFCA2FEFFFC7},klaas.debusschere@inbo.be,klaas.debusschere@inbo.be,,{21760360-76C6-4830-AA1F-E062663F429E},51384364580748,668749012239964,4.782283905999975,51.218653639000024,4326,4010,2026-07-31 12:00:00,2026-08-20 11:23:03,2026-07-31 13:59,,,634,4010,4000,Kussentjesveenmos,vrg_634_4010_matrix_4000,afw,
{FA687D1B-2049-4FFB-B990-AFCA2FEFFFC7},{FA687D1B-2049-4FFB-B990-AFCA2FEFFFC7},klaas.debusschere@inbo.be,klaas.debusschere@inbo.be,,{21760360-76C6-4830-AA1F-E062663F429E},51384364580748,668749012239964,4.782283905999975,51.218653639000024,4326,4010,2026-07-31 12:00:00,2026-08-20 11:23:03,2026-07-31 13:59,,,608,4010,1745,Kleine zonnedauw,vrg_608_4010_matrix_1745,afw,
{FA687D1B-2049-4FFB-B990-AFCA2FEFFFC7},{FA687D1B-2049-4FFB-B990-AFCA2FEFFFC7},klaas.debusschere@inbo.be,klaas.debusschere@inbo.be,,{21760360-76C6-4830-AA1F-E062663F429E},51384364580748,668749012239964,4.782283905999975,51.218653639000024,4326,4010,2026-07-31 12:00:00,2026-08-20 11:23:03,2026-07-31 13:59,,,608,4010,1744,Ronde zonnedauw,vrg_608_4010_matrix_1744,afw,
{FA687D1B-2049-4FFB-B990-AFCA2FEFFFC7},{FA687D1B-2049-4FFB-B990-AFCA2FEFFFC7},klaas.debusschere@inbo.be,klaas.debusschere@inbo.be,,{21760360-76C6-4830-AA1F-E062663F429E},51384364580748,668749012239964,4.782283905999975,51.218653639000024,4326,4010,2026-07-31 12:00:00,2026-08-20 11:23:03,2026-07-31 13:59,,,608,4010,1776,Wilde gagel,vrg_608_4010_matrix_1776,afw,
{FA687D1B-2049-4FFB-B990-AFCA2FEFFFC7},{FA687D1B-2049-4FFB-B990-AFCA2FEFFFC7},klaas.debusschere@inbo.be,klaas.debusschere@inbo.be,,{21760360-76C6-4830-AA1F-E062663F429E},51384364580748,668749012239964,4.782283905999975,51.218653639000024,4326,4010,2026-07-31 12:00:00,2026-08-20 11:23:03,2026-07-31 13:59,,,1747,4010,,,vrg_1747_4010,20_30perc,
{0DECA579-D0BD-46BD-86CF-BF27051F0B7D},{0DECA579-D0BD-46BD-86CF-BF27051F0B7D},johannes.jansen@inbo.be,johannes.jansen@inbo.be,,{C9D9350D-2002-4ADA-9458-D4F9DE9BE1BC},30869726349624,66133768153274,2.8046772199999737,50.93112927999999,4326,6510_hua,2026-07-30 12:00:00,2026-08-28 13:54:07,2026-07-30 13:06,"Fictief test, want oude kartering gekopieerd en perceel net gemaaid",ja,1698,6510_hua,,,vrg_1698_6510_hua,60_70perc,
{0DECA579-D0BD-46BD-86CF-BF27051F0B7D},{0DECA579-D0BD-46BD-86CF-BF27051F0B7D},johannes.jansen@inbo.be,johannes.jansen@inbo.be,,{C9D9350D-2002-4ADA-9458-D4F9DE9BE1BC},30869726349624,66133768153274,2.8046772199999737,50.93112927999999,4326,6510_hua,2026-07-30 12:00:00,2026-08-28 13:54:07,2026-07-30 13:06,"Fictief test, want oude kartering gekopieerd en perceel net gemaaid",ja,429,6510_hua,702,Moerasooievaarsbek,vrg_429_6510_hua_matrix_702,afw,
{0DECA579-D0BD-46BD-86CF-BF27051F0B7D},{0DECA579-D0BD-46BD-86CF-BF27051F0B7D},johannes.jansen@inbo.be,johannes.jansen@inbo.be,,{C9D9350D-2002-4ADA-9458-D4F9DE9BE1BC},30869726349624,66133768153274,2.8046772199999737,50.93112927999999,4326,6510_hua,2026-07-30 12:00:00,2026-08-28 13:54:07,2026-07-30 13:06,"Fictief test, want oude kartering gekopieerd en perceel net gemaaid",ja,1535,6510_hua,,,vrg_1535_6510_hua,afw,
{0DECA579-D0BD-46BD-86CF-BF27051F0B7D},{0DECA579-D0BD-46BD-86CF-BF27051F0B7D},johannes.jansen@inbo.be,johannes.jansen@inbo.be,,{C9D9350D-2002-4ADA-9458-D4F9DE9BE1BC},30869726349624,66133768153274,2.8046772199999737,50.93112927999999,4326,6510_hua,2026-07-30 12:00:00,2026-08-28 13:54:07,2026-07-30 13:06,"Fictief test, want oude kartering gekopieerd en perceel net gemaaid",ja,1129,6510_hua,,,vrg_1129_6510_hua,10_20perc,
{0DECA579-D0BD-46BD-86CF-BF27051F0B7D},{0DECA579-D0BD-46BD-86CF-BF27051F0B7D},johannes.jansen@inbo.be,johannes.jansen@inbo.be,,{C9D9350D-2002-4ADA-9458-D4F9DE9BE1BC},30869726349624,66133768153274,2.8046772199999737,50.93112927999999,4326,6510_hua,2026-07-30 12:00:00,2026-08-28 13:54:07,2026-07-30 13:06,"Fictief test, want oude kartering gekopieerd en perceel net gemaaid",ja,908,6510_hua,,,vrg_908_6510_hua,60_70perc,
{0DECA579-D0BD-46BD-86CF-BF27051F0B7D},{0DECA579-D0BD-46BD-86CF-BF27051F0B7D},johannes.jansen@inbo.be,johannes.jansen@inbo.be,,{C9D9350D-2002-4ADA-9458-D4F9DE9BE1BC},30869726349624,66133768153274,2.8046772199999737,50.93112927999999,4326,6510_hua,2026-07-30 12:00:00,2026-08-28 13:54:07,2026-07-30 13:06,"Fictief test, want oude kartering gekopieerd en perceel net gemaaid",ja,429,6510_hua,795,Brede orchis,vrg_429_6510_hua_matrix_795,afw,
{0DECA579-D0BD-46BD-86CF-BF27051F0B7D},{0DECA579-D0BD-46BD-86CF-BF27051F0B7D},johannes.jansen@inbo.be,johannes.jansen@inbo.be,,{C9D9350D-2002-4ADA-9458-D4F9DE9BE1BC},30869726349624,66133768153274,2.8046772199999737,50.93112927999999,4326,6510_hua,2026-07-30 12:00:00,2026-08-28 13:54:07,2026-07-30 13:06,"Fictief test, want oude kartering gekopieerd en perceel net gemaaid",ja,1829,6510_hua,,,vrg_1829_6510_hua,t,
{0DECA579-D0BD-46BD-86CF-BF27051F0B7D},{0DECA579-D0BD-46BD-86CF-BF27051F0B7D},johannes.jansen@inbo.be,johannes.jansen@inbo.be,,{C9D9350D-2002-4ADA-9458-D4F9DE9BE1BC},30869726349624,66133768153274,2.8046772199999737,50.93112927999999,4326,6510_hua,2026-07-30 12:00:00,2026-08-28 13:54:07,2026-07-30 13:06,"Fictief test, want oude kartering gekopieerd en perceel net gemaaid",ja,716,6510_hua,578,Weidekervel-torkruid,vrg_716_6510_hua_matrix_578,zs,
{0DECA579-D0BD-46BD-86CF-BF27051F0B7D},{0DECA579-D0BD-46BD-86CF-BF27051F0B7D},johannes.jansen@inbo.be,johannes.jansen@inbo.be,,{C9D9350D-2002-4ADA-9458-D4F9DE9BE1BC},30869726349624,66133768153274,2.8046772199999737,50.93112927999999,4326,6510_hua,2026-07-30 12:00:00,2026-08-28 13:54:07,2026-07-30 13:06,"Fictief test, want oude kartering gekopieerd en perceel net gemaaid",ja,827,6510_hua,,,vrg_827_6510_hua,t,
{0DECA579-D0BD-46BD-86CF-BF27051F0B7D},{0DECA579-D0BD-46BD-86CF-BF27051F0B7D},johannes.jansen@inbo.be,johannes.jansen@inbo.be,,{C9D9350D-2002-4ADA-9458-D4F9DE9BE1BC},30869726349624,66133768153274,2.8046772199999737,50.93112927999999,4326,6510_hua,2026-07-30 12:00:00,2026-08-28 13:54:07,2026-07-30 13:06,"Fictief test, want oude kartering gekopieerd en perceel net gemaaid",ja,1427,6510_hua,,,vrg_1427_6510_hua,spor_lt_5perc,
{0DECA579-D0BD-46BD-86CF-BF27051F0B7D},{0DECA579-D0BD-46BD-86CF-BF27051F0B7D},johannes.jansen@inbo.be,johannes.jansen@inbo.be,,{C9D9350D-2002-4ADA-9458-D4F9DE9BE1BC},30869726349624,66133768153274,2.8046772199999737,50.93112927999999,4326,6510_hua,2026-07-30 12:00:00,2026-08-28 13:54:07,2026-07-30 13:06,"Fictief test, want oude kartering gekopieerd en perceel net gemaaid",ja,429,6510_hua,1171,Herfsttijloos,vrg_429_6510_hua_matrix_1171,afw,
{0DECA579-D0BD-46BD-86CF-BF27051F0B7D},{0DECA579-D0BD-46BD-86CF-BF27051F0B7D},johannes.jansen@inbo.be,johannes.jansen@inbo.be,,{C9D9350D-2002-4ADA-9458-D4F9DE9BE1BC},30869726349624,66133768153274,2.8046772199999737,50.93112927999999,4326,6510_hua,2026-07-30 12:00:00,2026-08-28 13:54:07,2026-07-30 13:06,"Fictief test, want oude kartering gekopieerd en perceel net gemaaid",ja,2190,6510_hua,,,vrg_2190_6510_hua,40_50perc,
{0DECA579-D0BD-46BD-86CF-BF27051F0B7D},{0DECA579-D0BD-46BD-86CF-BF27051F0B7D},johannes.jansen@inbo.be,johannes.jansen@inbo.be,,{C9D9350D-2002-4ADA-9458-D4F9DE9BE1BC},30869726349624,66133768153274,2.8046772199999737,50.93112927999999,4326,6510_hua,2026-07-30 12:00:00,2026-08-28 13:54:07,2026-07-30 13:06,"Fictief test, want oude kartering gekopieerd en perceel net gemaaid",ja,1354,6510_hua,,,vrg_1354_6510_hua,10_20perc,
{0DECA579-D0BD-46BD-86CF-BF27051F0B7D},{0DECA579-D0BD-46BD-86CF-BF27051F0B7D},johannes.jansen@inbo.be,johannes.jansen@inbo.be,,{C9D9350D-2002-4ADA-9458-D4F9DE9BE1BC},30869726349624,66133768153274,2.8046772199999737,50.93112927999999,4326,6510_hua,2026-07-30 12:00:00,2026-08-28 13:54:07,2026-07-30 13:06,"Fictief test, want oude kartering gekopieerd en perceel net gemaaid",ja,429,6510_hua,1330,Grote vossenstaart,vrg_429_6510_hua_matrix_1330,40_50perc,
{0DECA579-D0BD-46BD-86CF-BF27051F0B7D},{0DECA579-D0BD-46BD-86CF-BF27051F0B7D},johannes.jansen@inbo.be,johannes.jansen@inbo.be,,{C9D9350D-2002-4ADA-9458-D4F9DE9BE1BC},30869726349624,66133768153274,2.8046772199999737,50.93112927999999,4326,6510_hua,2026-07-30 12:00:00,2026-08-28 13:54:07,2026-07-30 13:06,"Fictief test, want oude kartering gekopieerd en perceel net gemaaid",ja,1676,6510_hua,,,vrg_1676_6510_hua,wt,
{0DECA579-D0BD-46BD-86CF-BF27051F0B7D},{0DECA579-D0BD-46BD-86CF-BF27051F0B7D},johannes.jansen@inbo.be,johannes.jansen@inbo.be,,{C9D9350D-2002-4ADA-9458-D4F9DE9BE1BC},30869726349624,66133768153274,2.8046772199999737,50.93112927999999,4326,6510_hua,2026-07-30 12:00:00,2026-08-28 13:54:07,2026-07-30 13:06,"Fictief test, want oude kartering gekopieerd en perceel net gemaaid",ja,1650,6510_hua,,,vrg_1650_6510_hua,afw,
{0DECA579-D0BD-46BD-86CF-BF27051F0B7D},{0DECA579-D0BD-46BD-86CF-BF27051F0B7D},johannes.jansen@inbo.be,johannes.jansen@inbo.be,,{C9D9350D-2002-4ADA-9458-D4F9DE9BE1BC},30869726349624,66133768153274,2.8046772199999737,50.93112927999999,4326,6510_hua,2026-07-30 12:00:00,2026-08-28 13:54:07,2026-07-30 13:06,"Fictief test, want oude kartering gekopieerd en perceel net gemaaid",ja,429,6510_hua,1508,Echte koekoeksbloem,vrg_429_6510_hua_matrix_1508,s,
{0DECA579-D0BD-46BD-86CF-BF27051F0B7D},{0DECA579-D0BD-46BD-86CF-BF27051F0B7D},johannes.jansen@inbo.be,johannes.jansen@inbo.be,,{C9D9350D-2002-4ADA-9458-D4F9DE9BE1BC},30869726349624,66133768153274,2.8046772199999737,50.93112927999999,4326,6510_hua,2026-07-30 12:00:00,2026-08-28 13:54:07,2026-07-30 13:06,"Fictief test, want oude kartering gekopieerd en perceel net gemaaid",ja,1781,6510_hua,,,vrg_1781_6510_hua,5_10perc,
{43D853B6-EA98-40FD-9F8E-0F5F12A0B526},{43D853B6-EA98-40FD-9F8E-0F5F12A0B526},johannes.jansen@inbo.be,johannes.jansen@inbo.be,,{26F0965E-3332-46BD-914A-9A27F4F51C8C},61090638001083,66144803890552,5.53767412000002,51.14967797999998,4326,6230_ha,2026-07-31 12:00:00,2026-08-28 13:54:07,2026-07-31 09:24,,ja,1454,6230_ha,,,vrg_1454_6230_ha,spor_lt_5perc,
{43D853B6-EA98-40FD-9F8E-0F5F12A0B526},{43D853B6-EA98-40FD-9F8E-0F5F12A0B526},johannes.jansen@inbo.be,johannes.jansen@inbo.be,,{26F0965E-3332-46BD-914A-9A27F4F51C8C},61090638001083,66144803890552,5.53767412000002,51.14967797999998,4326,6230_ha,2026-07-31 12:00:00,2026-08-28 13:54:07,2026-07-31 09:24,,ja,1776,6230_ha,,,vrg_1776_6230_ha,50_60perc,
{43D853B6-EA98-40FD-9F8E-0F5F12A0B526},{43D853B6-EA98-40FD-9F8E-0F5F12A0B526},johannes.jansen@inbo.be,johannes.jansen@inbo.be,,{26F0965E-3332-46BD-914A-9A27F4F51C8C},61090638001083,66144803890552,5.53767412000002,51.14967797999998,4326,6230_ha,2026-07-31 12:00:00,2026-08-28 13:54:07,2026-07-31 09:24,,ja,1657,6230_ha,,,vrg_1657_6230_ha,afw,
{43D853B6-EA98-40FD-9F8E-0F5F12A0B526},{43D853B6-EA98-40FD-9F8E-0F5F12A0B526},johannes.jansen@inbo.be,johannes.jansen@inbo.be,,{26F0965E-3332-46BD-914A-9A27F4F51C8C},61090638001083,66144803890552,5.53767412000002,51.14967797999998,4326,6230_ha,2026-07-31 12:00:00,2026-08-28 13:54:07,2026-07-31 09:24,,ja,1801,6230_ha,,,vrg_1801_6230_ha,afw,
{43D853B6-EA98-40FD-9F8E-0F5F12A0B526},{43D853B6-EA98-40FD-9F8E-0F5F12A0B526},johannes.jansen@inbo.be,johannes.jansen@inbo.be,,{26F0965E-3332-46BD-914A-9A27F4F51C8C},61090638001083,66144803890552,5.53767412000002,51.14967797999998,4326,6230_ha,2026-07-31 12:00:00,2026-08-28 13:54:07,2026-07-31 09:24,,ja,1271,6230_ha,,,vrg_1271_6230_ha,20_30perc,
{43D853B6-EA98-40FD-9F8E-0F5F12A0B526},{43D853B6-EA98-40FD-9F8E-0F5F12A0B526},johannes.jansen@inbo.be,johannes.jansen@inbo.be,,{26F0965E-3332-46BD-914A-9A27F4F51C8C},61090638001083,66144803890552,5.53767412000002,51.14967797999998,4326,6230_ha,2026-07-31 12:00:00,2026-08-28 13:54:07,2026-07-31 09:24,,ja,861,6230_ha,,,vrg_861_6230_ha,t,
{43D853B6-EA98-40FD-9F8E-0F5F12A0B526},{43D853B6-EA98-40FD-9F8E-0F5F12A0B526},johannes.jansen@inbo.be,johannes.jansen@inbo.be,,{26F0965E-3332-46BD-914A-9A27F4F51C8C},61090638001083,66144803890552,5.53767412000002,51.14967797999998,4326,6230_ha,2026-07-31 12:00:00,2026-08-28 13:54:07,2026-07-31 09:24,,ja,1639,6230_ha,,,vrg_1639_6230_ha,wt,
{43D853B6-EA98-40FD-9F8E-0F5F12A0B526},{43D853B6-EA98-40FD-9F8E-0F5F12A0B526},johannes.jansen@inbo.be,johannes.jansen@inbo.be,,{26F0965E-3332-46BD-914A-9A27F4F51C8C},61090638001083,66144803890552,5.53767412000002,51.14967797999998,4326,6230_ha,2026-07-31 12:00:00,2026-08-28 13:54:07,2026-07-31 09:24,,ja,420,6230_ha,3669,Muizenoor,vrg_420_6230_ha_matrix_3669,10_20perc,
{CA50E7D7-C8A8-40DE-BE41-913152214766},{CA50E7D7-C8A8-40DE-BE41-913152214766},johannes.jansen@inbo.be,johannes.jansen@inbo.be,LSVI2017_JO0153,{FA0FE1BD-7150-4258-886F-AF37BC1D9CCE},61633995643676,664773787564566,5.536659149999991,51.148793590000025,4326,6510_hu,2026-07-31 12:00:00,2026-08-28 13:54:08,2026-07-31 10:12,,,425,6510_hu,2212,Knoopkruid,vrg_425_6510_hu_matrix_2212,t,
{CA50E7D7-C8A8-40DE-BE41-913152214766},{CA50E7D7-C8A8-40DE-BE41-913152214766},johannes.jansen@inbo.be,johannes.jansen@inbo.be,LSVI2017_JO0153,{FA0FE1BD-7150-4258-886F-AF37BC1D9CCE},61633995643676,664773787564566,5.536659149999991,51.148793590000025,4326,6510_hu,2026-07-31 12:00:00,2026-08-28 13:54:08,2026-07-31 10:12,,,425,6510_hu,1356,Knolboterbloem,vrg_425_6510_hu_matrix_1356,t,
{CA50E7D7-C8A8-40DE-BE41-913152214766},{CA50E7D7-C8A8-40DE-BE41-913152214766},johannes.jansen@inbo.be,johannes.jansen@inbo.be,LSVI2017_JO0153,{FA0FE1BD-7150-4258-886F-AF37BC1D9CCE},61633995643676,664773787564566,5.536659149999991,51.148793590000025,4326,6510_hu,2026-07-31 12:00:00,2026-08-28 13:54:08,2026-07-31 10:12,,,1131,6510_hu,,,vrg_1131_6510_hu,40_50perc,
{CA50E7D7-C8A8-40DE-BE41-913152214766},{CA50E7D7-C8A8-40DE-BE41-913152214766},johannes.jansen@inbo.be,johannes.jansen@inbo.be,LSVI2017_JO0153,{FA0FE1BD-7150-4258-886F-AF37BC1D9CCE},61633995643676,664773787564566,5.536659149999991,51.148793590000025,4326,6510_hu,2026-07-31 12:00:00,2026-08-28 13:54:08,2026-07-31 10:12,,,1649,6510_hu,,,vrg_1649_6510_hu,wt,
{CA50E7D7-C8A8-40DE-BE41-913152214766},{CA50E7D7-C8A8-40DE-BE41-913152214766},johannes.jansen@inbo.be,johannes.jansen@inbo.be,LSVI2017_JO0153,{FA0FE1BD-7150-4258-886F-AF37BC1D9CCE},61633995643676,664773787564566,5.536659149999991,51.148793590000025,4326,6510_hu,2026-07-31 12:00:00,2026-08-28 13:54:08,2026-07-31 10:12,,,1352,6510_hu,,,vrg_1352_6510_hu,5_10perc,
{CA50E7D7-C8A8-40DE-BE41-913152214766},{CA50E7D7-C8A8-40DE-BE41-913152214766},johannes.jansen@inbo.be,johannes.jansen@inbo.be,LSVI2017_JO0153,{FA0FE1BD-7150-4258-886F-AF37BC1D9CCE},61633995643676,664773787564566,5.536659149999991,51.148793590000025,4326,6510_hu,2026-07-31 12:00:00,2026-08-28 13:54:08,2026-07-31 10:12,,,425,6510_hu,2083,Rapunzelklokje,vrg_425_6510_hu_matrix_2083,t,
{CA50E7D7-C8A8-40DE-BE41-913152214766},{CA50E7D7-C8A8-40DE-BE41-913152214766},johannes.jansen@inbo.be,johannes.jansen@inbo.be,LSVI2017_JO0153,{FA0FE1BD-7150-4258-886F-AF37BC1D9CCE},61633995643676,664773787564566,5.536659149999991,51.148793590000025,4326,6510_hu,2026-07-31 12:00:00,2026-08-28 13:54:08,2026-07-31 10:12,,,1415,6510_hu,,,vrg_1415_6510_hu,spor_lt_5perc,
{CA50E7D7-C8A8-40DE-BE41-913152214766},{CA50E7D7-C8A8-40DE-BE41-913152214766},johannes.jansen@inbo.be,johannes.jansen@inbo.be,LSVI2017_JO0153,{FA0FE1BD-7150-4258-886F-AF37BC1D9CCE},61633995643676,664773787564566,5.536659149999991,51.148793590000025,4326,6510_hu,2026-07-31 12:00:00,2026-08-28 13:54:08,2026-07-31 10:12,,,2186,6510_hu,,,vrg_2186_6510_hu,20_30perc,
{CA50E7D7-C8A8-40DE-BE41-913152214766},{CA50E7D7-C8A8-40DE-BE41-913152214766},johannes.jansen@inbo.be,johannes.jansen@inbo.be,LSVI2017_JO0153,{FA0FE1BD-7150-4258-886F-AF37BC1D9CCE},61633995643676,664773787564566,5.536659149999991,51.148793590000025,4326,6510_hu,2026-07-31 12:00:00,2026-08-28 13:54:08,2026-07-31 10:12,,,905,6510_hu,,,vrg_905_6510_hu,10_20perc,
{CA50E7D7-C8A8-40DE-BE41-913152214766},{CA50E7D7-C8A8-40DE-BE41-913152214766},johannes.jansen@inbo.be,johannes.jansen@inbo.be,LSVI2017_JO0153,{FA0FE1BD-7150-4258-886F-AF37BC1D9CCE},61633995643676,664773787564566,5.536659149999991,51.148793590000025,4326,6510_hu,2026-07-31 12:00:00,2026-08-28 13:54:08,2026-07-31 10:12,,,1827,6510_hu,,,vrg_1827_6510_hu,t,
{CA50E7D7-C8A8-40DE-BE41-913152214766},{CA50E7D7-C8A8-40DE-BE41-913152214766},johannes.jansen@inbo.be,johannes.jansen@inbo.be,LSVI2017_JO0153,{FA0FE1BD-7150-4258-886F-AF37BC1D9CCE},61633995643676,664773787564566,5.536659149999991,51.148793590000025,4326,6510_hu,2026-07-31 12:00:00,2026-08-28 13:54:08,2026-07-31 10:12,,,425,6510_hu,1734,Knolsteenbreek,vrg_425_6510_hu_matrix_1734,wt,
{CA50E7D7-C8A8-40DE-BE41-913152214766},{CA50E7D7-C8A8-40DE-BE41-913152214766},johannes.jansen@inbo.be,johannes.jansen@inbo.be,LSVI2017_JO0153,{FA0FE1BD-7150-4258-886F-AF37BC1D9CCE},61633995643676,664773787564566,5.536659149999991,51.148793590000025,4326,6510_hu,2026-07-31 12:00:00,2026-08-28 13:54:08,2026-07-31 10:12,,,1699,6510_hu,,,vrg_1699_6510_hu,5_10perc,
{CA50E7D7-C8A8-40DE-BE41-913152214766},{CA50E7D7-C8A8-40DE-BE41-913152214766},johannes.jansen@inbo.be,johannes.jansen@inbo.be,LSVI2017_JO0153,{FA0FE1BD-7150-4258-886F-AF37BC1D9CCE},61633995643676,664773787564566,5.536659149999991,51.148793590000025,4326,6510_hu,2026-07-31 12:00:00,2026-08-28 13:54:08,2026-07-31 10:12,,,425,6510_hu,2184,Margriet s.l.,vrg_425_6510_hu_matrix_2184,t,
{CA50E7D7-C8A8-40DE-BE41-913152214766},{CA50E7D7-C8A8-40DE-BE41-913152214766},johannes.jansen@inbo.be,johannes.jansen@inbo.be,LSVI2017_JO0153,{FA0FE1BD-7150-4258-886F-AF37BC1D9CCE},61633995643676,664773787564566,5.536659149999991,51.148793590000025,4326,6510_hu,2026-07-31 12:00:00,2026-08-28 13:54:08,2026-07-31 10:12,,,1532,6510_hu,,,vrg_1532_6510_hu,t,
{CA50E7D7-C8A8-40DE-BE41-913152214766},{CA50E7D7-C8A8-40DE-BE41-913152214766},johannes.jansen@inbo.be,johannes.jansen@inbo.be,LSVI2017_JO0153,{FA0FE1BD-7150-4258-886F-AF37BC1D9CCE},61633995643676,664773787564566,5.536659149999991,51.148793590000025,4326,6510_hu,2026-07-31 12:00:00,2026-08-28 13:54:08,2026-07-31 10:12,,,826,6510_hu,,,vrg_826_6510_hu,t,
{D66EE8B8-6FFF-4702-8CE0-C438979F16D0},{D66EE8B8-6FFF-4702-8CE0-C438979F16D0},johannes.jansen@inbo.be,johannes.jansen@inbo.be,,{26F0965E-3332-46BD-914A-9A27F4F51C8C},61090638001083,66144803890552,5.487753370000007,50.961738920000016,4326,6230_ha,2026-07-31 12:00:00,2026-08-28 13:54:07,2026-07-31 08:37,Test tuin thomas,,420,6230_ha,4052,Zandstruisgras,vrg_420_6230_ha_matrix_4052,5_10perc,
{D66EE8B8-6FFF-4702-8CE0-C438979F16D0},{D66EE8B8-6FFF-4702-8CE0-C438979F16D0},johannes.jansen@inbo.be,johannes.jansen@inbo.be,,{26F0965E-3332-46BD-914A-9A27F4F51C8C},61090638001083,66144803890552,5.487753370000007,50.961738920000016,4326,6230_ha,2026-07-31 12:00:00,2026-08-28 13:54:07,2026-07-31 08:37,Test tuin thomas,,1454,6230_ha,,,vrg_1454_6230_ha,spor_lt_5perc,
{D66EE8B8-6FFF-4702-8CE0-C438979F16D0},{D66EE8B8-6FFF-4702-8CE0-C438979F16D0},johannes.jansen@inbo.be,johannes.jansen@inbo.be,,{26F0965E-3332-46BD-914A-9A27F4F51C8C},61090638001083,66144803890552,5.487753370000007,50.961738920000016,4326,6230_ha,2026-07-31 12:00:00,2026-08-28 13:54:07,2026-07-31 08:37,Test tuin thomas,,1776,6230_ha,,,vrg_1776_6230_ha,40_50perc,
{D66EE8B8-6FFF-4702-8CE0-C438979F16D0},{D66EE8B8-6FFF-4702-8CE0-C438979F16D0},johannes.jansen@inbo.be,johannes.jansen@inbo.be,,{26F0965E-3332-46BD-914A-9A27F4F51C8C},61090638001083,66144803890552,5.487753370000007,50.961738920000016,4326,6230_ha,2026-07-31 12:00:00,2026-08-28 13:54:07,2026-07-31 08:37,Test tuin thomas,,420,6230_ha,681,Stijf havikskruid,vrg_420_6230_ha_matrix_681,s,
{D66EE8B8-6FFF-4702-8CE0-C438979F16D0},{D66EE8B8-6FFF-4702-8CE0-C438979F16D0},johannes.jansen@inbo.be,johannes.jansen@inbo.be,,{26F0965E-3332-46BD-914A-9A27F4F51C8C},61090638001083,66144803890552,5.487753370000007,50.961738920000016,4326,6230_ha,2026-07-31 12:00:00,2026-08-28 13:54:07,2026-07-31 08:37,Test tuin thomas,,420,6230_ha,1339,Borstelgras,vrg_420_6230_ha_matrix_1339,s,
{D66EE8B8-6FFF-4702-8CE0-C438979F16D0},{D66EE8B8-6FFF-4702-8CE0-C438979F16D0},johannes.jansen@inbo.be,johannes.jansen@inbo.be,,{26F0965E-3332-46BD-914A-9A27F4F51C8C},61090638001083,66144803890552,5.487753370000007,50.961738920000016,4326,6230_ha,2026-07-31 12:00:00,2026-08-28 13:54:07,2026-07-31 08:37,Test tuin thomas,,1657,6230_ha,,,vrg_1657_6230_ha,zs,
{D66EE8B8-6FFF-4702-8CE0-C438979F16D0},{D66EE8B8-6FFF-4702-8CE0-C438979F16D0},johannes.jansen@inbo.be,johannes.jansen@inbo.be,,{26F0965E-3332-46BD-914A-9A27F4F51C8C},61090638001083,66144803890552,5.487753370000007,50.961738920000016,4326,6230_ha,2026-07-31 12:00:00,2026-08-28 13:54:07,2026-07-31 08:37,Test tuin thomas,,1801,6230_ha,,,vrg_1801_6230_ha,wt,
{D66EE8B8-6FFF-4702-8CE0-C438979F16D0},{D66EE8B8-6FFF-4702-8CE0-C438979F16D0},johannes.jansen@inbo.be,johannes.jansen@inbo.be,,{26F0965E-3332-46BD-914A-9A27F4F51C8C},61090638001083,66144803890552,5.487753370000007,50.961738920000016,4326,6230_ha,2026-07-31 12:00:00,2026-08-28 13:54:07,2026-07-31 08:37,Test tuin thomas,,420,6230_ha,1983,Mannetjesereprijs,vrg_420_6230_ha_matrix_1983,s,
{D66EE8B8-6FFF-4702-8CE0-C438979F16D0},{D66EE8B8-6FFF-4702-8CE0-C438979F16D0},johannes.jansen@inbo.be,johannes.jansen@inbo.be,,{26F0965E-3332-46BD-914A-9A27F4F51C8C},61090638001083,66144803890552,5.487753370000007,50.961738920000016,4326,6230_ha,2026-07-31 12:00:00,2026-08-28 13:54:07,2026-07-31 08:37,Test tuin thomas,,420,6230_ha,501,Tormentil,vrg_420_6230_ha_matrix_501,zs,
{D66EE8B8-6FFF-4702-8CE0-C438979F16D0},{D66EE8B8-6FFF-4702-8CE0-C438979F16D0},johannes.jansen@inbo.be,johannes.jansen@inbo.be,,{26F0965E-3332-46BD-914A-9A27F4F51C8C},61090638001083,66144803890552,5.487753370000007,50.961738920000016,4326,6230_ha,2026-07-31 12:00:00,2026-08-28 13:54:07,2026-07-31 08:37,Test tuin thomas,,420,6230_ha,2160,Echte guldenroede,vrg_420_6230_ha_matrix_2160,wt,
{D66EE8B8-6FFF-4702-8CE0-C438979F16D0},{D66EE8B8-6FFF-4702-8CE0-C438979F16D0},johannes.jansen@inbo.be,johannes.jansen@inbo.be,,{26F0965E-3332-46BD-914A-9A27F4F51C8C},61090638001083,66144803890552,5.487753370000007,50.961738920000016,4326,6230_ha,2026-07-31 12:00:00,2026-08-28 13:54:07,2026-07-31 08:37,Test tuin thomas,,861,6230_ha,,,vrg_861_6230_ha,5_10perc,
{D66EE8B8-6FFF-4702-8CE0-C438979F16D0},{D66EE8B8-6FFF-4702-8CE0-C438979F16D0},johannes.jansen@inbo.be,johannes.jansen@inbo.be,,{26F0965E-3332-46BD-914A-9A27F4F51C8C},61090638001083,66144803890552,5.487753370000007,50.961738920000016,4326,6230_ha,2026-07-31 12:00:00,2026-08-28 13:54:07,2026-07-31 08:37,Test tuin thomas,,1639,6230_ha,,,vrg_1639_6230_ha,wt,
{D66EE8B8-6FFF-4702-8CE0-C438979F16D0},{D66EE8B8-6FFF-4702-8CE0-C438979F16D0},johannes.jansen@inbo.be,johannes.jansen@inbo.be,,{26F0965E-3332-46BD-914A-9A27F4F51C8C},61090638001083,66144803890552,5.487753370000007,50.961738920000016,4326,6230_ha,2026-07-31 12:00:00,2026-08-28 13:54:07,2026-07-31 08:37,Test tuin thomas,,420,6230_ha,1278,Tandjesgras,vrg_420_6230_ha_matrix_1278,zs,
{D66EE8B8-6FFF-4702-8CE0-C438979F16D0},{D66EE8B8-6FFF-4702-8CE0-C438979F16D0},johannes.jansen@inbo.be,johannes.jansen@inbo.be,,{26F0965E-3332-46BD-914A-9A27F4F51C8C},61090638001083,66144803890552,5.487753370000007,50.961738920000016,4326,6230_ha,2026-07-31 12:00:00,2026-08-28 13:54:07,2026-07-31 08:37,Test tuin thomas,,420,6230_ha,3669,Muizenoor,vrg_420_6230_ha_matrix_3669,10_20perc,
{D66EE8B8-6FFF-4702-8CE0-C438979F16D0},{D66EE8B8-6FFF-4702-8CE0-C438979F16D0},johannes.jansen@inbo.be,johannes.jansen@inbo.be,,{26F0965E-3332-46BD-914A-9A27F4F51C8C},61090638001083,66144803890552,5.487753370000007,50.961738920000016,4326,6230_ha,2026-07-31 12:00:00,2026-08-28 13:54:07,2026-07-31 08:37,Test tuin thomas,,1705,6230_ha,,,vrg_1705_6230_ha,40_50perc,
{D66EE8B8-6FFF-4702-8CE0-C438979F16D0},{D66EE8B8-6FFF-4702-8CE0-C438979F16D0},johannes.jansen@inbo.be,johannes.jansen@inbo.be,,{26F0965E-3332-46BD-914A-9A27F4F51C8C},61090638001083,66144803890552,5.487753370000007,50.961738920000016,4326,6230_ha,2026-07-31 12:00:00,2026-08-28 13:54:07,2026-07-31 08:37,Test tuin thomas,,420,6230_ha,1200,Veelbloemige veldbies,vrg_420_6230_ha_matrix_1200,t,
{D66EE8B8-6FFF-4702-8CE0-C438979F16D0},{D66EE8B8-6FFF-4702-8CE0-C438979F16D0},johannes.jansen@inbo.be,johannes.jansen@inbo.be,,{26F0965E-3332-46BD-914A-9A27F4F51C8C},61090638001083,66144803890552,5.487753370000007,50.961738920000016,4326,6230_ha,2026-07-31 12:00:00,2026-08-28 13:54:07,2026-07-31 08:37,Test tuin thomas,,420,6230_ha,1613,Gaspeldoorn,vrg_420_6230_ha_matrix_1613,s,
{0463119E-95C2-4773-8077-3C49AFEF03A4},{0463119E-95C2-4773-8077-3C49AFEF03A4},klaas.debusschere@inbo.be,klaas.debusschere@inbo.be,,{126A41B3-3369-49B9-BB0D-047EE3492E18},53471989755092,665510225697859,4.78226777499998,51.21858457500002,4326,9120,2026-07-31 12:00:00,2026-08-20 11:23:12,2026-07-31 13:21,,,676,9120,17,Moslaag,vrg_676_9120_matrix_17,t,
{0463119E-95C2-4773-8077-3C49AFEF03A4},{0463119E-95C2-4773-8077-3C49AFEF03A4},klaas.debusschere@inbo.be,klaas.debusschere@inbo.be,,{126A41B3-3369-49B9-BB0D-047EE3492E18},53471989755092,665510225697859,4.78226777499998,51.21858457500002,4326,9120,2026-07-31 12:00:00,2026-08-20 11:23:12,2026-07-31 13:21,,,676,9120,19,Struiklaag,vrg_676_9120_matrix_19,10_20perc,
{0463119E-95C2-4773-8077-3C49AFEF03A4},{0463119E-95C2-4773-8077-3C49AFEF03A4},klaas.debusschere@inbo.be,klaas.debusschere@inbo.be,,{126A41B3-3369-49B9-BB0D-047EE3492E18},53471989755092,665510225697859,4.78226777499998,51.21858457500002,4326,9120,2026-07-31 12:00:00,2026-08-20 11:23:12,2026-07-31 13:21,,,676,9120,18,Kruidlaag,vrg_676_9120_matrix_18,30_40perc,
{0463119E-95C2-4773-8077-3C49AFEF03A4},{0463119E-95C2-4773-8077-3C49AFEF03A4},klaas.debusschere@inbo.be,klaas.debusschere@inbo.be,,{126A41B3-3369-49B9-BB0D-047EE3492E18},53471989755092,665510225697859,4.78226777499998,51.21858457500002,4326,9120,2026-07-31 12:00:00,2026-08-20 11:23:12,2026-07-31 13:21,,,564,9120,1163,Gewone salomonszegel,vrg_564_9120_matrix_1163,t,
{0463119E-95C2-4773-8077-3C49AFEF03A4},{0463119E-95C2-4773-8077-3C49AFEF03A4},klaas.debusschere@inbo.be,klaas.debusschere@inbo.be,,{126A41B3-3369-49B9-BB0D-047EE3492E18},53471989755092,665510225697859,4.78226777499998,51.21858457500002,4326,9120,2026-07-31 12:00:00,2026-08-20 11:23:12,2026-07-31 13:21,,,564,9120,1161,Lelietje-van-dalen,vrg_564_9120_matrix_1161,afw,
{0463119E-95C2-4773-8077-3C49AFEF03A4},{0463119E-95C2-4773-8077-3C49AFEF03A4},klaas.debusschere@inbo.be,klaas.debusschere@inbo.be,,{126A41B3-3369-49B9-BB0D-047EE3492E18},53471989755092,665510225697859,4.78226777499998,51.21858457500002,4326,9120,2026-07-31 12:00:00,2026-08-20 11:23:12,2026-07-31 13:21,,,1056,9120,,,vrg_1056_9120,s,
{0463119E-95C2-4773-8077-3C49AFEF03A4},{0463119E-95C2-4773-8077-3C49AFEF03A4},klaas.debusschere@inbo.be,klaas.debusschere@inbo.be,,{126A41B3-3369-49B9-BB0D-047EE3492E18},53471989755092,665510225697859,4.78226777499998,51.21858457500002,4326,9120,2026-07-31 12:00:00,2026-08-20 11:23:12,2026-07-31 13:21,,,564,9120,2110,Wilde kamperfoelie,vrg_564_9120_matrix_2110,t,
{0463119E-95C2-4773-8077-3C49AFEF03A4},{0463119E-95C2-4773-8077-3C49AFEF03A4},klaas.debusschere@inbo.be,klaas.debusschere@inbo.be,,{126A41B3-3369-49B9-BB0D-047EE3492E18},53471989755092,665510225697859,4.78226777499998,51.21858457500002,4326,9120,2026-07-31 12:00:00,2026-08-20 11:23:12,2026-07-31 13:21,,,2286,9120,,,vrg_2286_9120,80_90perc,
{0463119E-95C2-4773-8077-3C49AFEF03A4},{0463119E-95C2-4773-8077-3C49AFEF03A4},klaas.debusschere@inbo.be,klaas.debusschere@inbo.be,,{126A41B3-3369-49B9-BB0D-047EE3492E18},53471989755092,665510225697859,4.78226777499998,51.21858457500002,4326,9120,2026-07-31 12:00:00,2026-08-20 11:23:12,2026-07-31 13:21,,,564,9120,1260,Pilzegge,vrg_564_9120_matrix_1260,afw,
{0463119E-95C2-4773-8077-3C49AFEF03A4},{0463119E-95C2-4773-8077-3C49AFEF03A4},klaas.debusschere@inbo.be,klaas.debusschere@inbo.be,,{126A41B3-3369-49B9-BB0D-047EE3492E18},53471989755092,665510225697859,4.78226777499998,51.21858457500002,4326,9120,2026-07-31 12:00:00,2026-08-20 11:23:12,2026-07-31 13:21,,,1948,9120,,,vrg_1948_9120,t,
{0463119E-95C2-4773-8077-3C49AFEF03A4},{0463119E-95C2-4773-8077-3C49AFEF03A4},klaas.debusschere@inbo.be,klaas.debusschere@inbo.be,,{126A41B3-3369-49B9-BB0D-047EE3492E18},53471989755092,665510225697859,4.78226777499998,51.21858457500002,4326,9120,2026-07-31 12:00:00,2026-08-20 11:23:12,2026-07-31 13:21,,,676,9120,20,Boomlaag,vrg_676_9120_matrix_20,80_90perc,
{0463119E-95C2-4773-8077-3C49AFEF03A4},{0463119E-95C2-4773-8077-3C49AFEF03A4},klaas.debusschere@inbo.be,klaas.debusschere@inbo.be,,{126A41B3-3369-49B9-BB0D-047EE3492E18},53471989755092,665510225697859,4.78226777499998,51.21858457500002,4326,9120,2026-07-31 12:00:00,2026-08-20 11:23:12,2026-07-31 13:21,,,233,9120,10,5 = hout met dbh 14-50 cm,vrg_233_9120_matrix_10,60_70perc,
{0463119E-95C2-4773-8077-3C49AFEF03A4},{0463119E-95C2-4773-8077-3C49AFEF03A4},klaas.debusschere@inbo.be,klaas.debusschere@inbo.be,,{126A41B3-3369-49B9-BB0D-047EE3492E18},53471989755092,665510225697859,4.78226777499998,51.21858457500002,4326,9120,2026-07-31 12:00:00,2026-08-20 11:23:12,2026-07-31 13:21,,,233,9120,12,7 = zeer dik hout met dbh > 80 cm,vrg_233_9120_matrix_12,afw,
{0463119E-95C2-4773-8077-3C49AFEF03A4},{0463119E-95C2-4773-8077-3C49AFEF03A4},klaas.debusschere@inbo.be,klaas.debusschere@inbo.be,,{126A41B3-3369-49B9-BB0D-047EE3492E18},53471989755092,665510225697859,4.78226777499998,51.21858457500002,4326,9120,2026-07-31 12:00:00,2026-08-20 11:23:12,2026-07-31 13:21,,,233,9120,11,6 = dik hout met dbh 50-80 cm,vrg_233_9120_matrix_11,zs,
{0463119E-95C2-4773-8077-3C49AFEF03A4},{0463119E-95C2-4773-8077-3C49AFEF03A4},klaas.debusschere@inbo.be,klaas.debusschere@inbo.be,,{126A41B3-3369-49B9-BB0D-047EE3492E18},53471989755092,665510225697859,4.78226777499998,51.21858457500002,4326,9120,2026-07-31 12:00:00,2026-08-20 11:23:12,2026-07-31 13:21,,,564,9120,1107,Dubbelloof,vrg_564_9120_matrix_1107,afw,
{0463119E-95C2-4773-8077-3C49AFEF03A4},{0463119E-95C2-4773-8077-3C49AFEF03A4},klaas.debusschere@inbo.be,klaas.debusschere@inbo.be,,{126A41B3-3369-49B9-BB0D-047EE3492E18},53471989755092,665510225697859,4.78226777499998,51.21858457500002,4326,9120,2026-07-31 12:00:00,2026-08-20 11:23:12,2026-07-31 13:21,,,564,9120,1105,Adelaarsvaren,vrg_564_9120_matrix_1105,afw,
{0463119E-95C2-4773-8077-3C49AFEF03A4},{0463119E-95C2-4773-8077-3C49AFEF03A4},klaas.debusschere@inbo.be,klaas.debusschere@inbo.be,,{126A41B3-3369-49B9-BB0D-047EE3492E18},53471989755092,665510225697859,4.78226777499998,51.21858457500002,4326,9120,2026-07-31 12:00:00,2026-08-20 11:23:12,2026-07-31 13:21,,,564,9120,1594,Witte klaverzuring,vrg_564_9120_matrix_1594,afw,
{0463119E-95C2-4773-8077-3C49AFEF03A4},{0463119E-95C2-4773-8077-3C49AFEF03A4},klaas.debusschere@inbo.be,klaas.debusschere@inbo.be,,{126A41B3-3369-49B9-BB0D-047EE3492E18},53471989755092,665510225697859,4.78226777499998,51.21858457500002,4326,9120,2026-07-31 12:00:00,2026-08-20 11:23:12,2026-07-31 13:21,,,564,9120,1350,Bosanemoon,vrg_564_9120_matrix_1350,afw,
{0463119E-95C2-4773-8077-3C49AFEF03A4},{0463119E-95C2-4773-8077-3C49AFEF03A4},klaas.debusschere@inbo.be,klaas.debusschere@inbo.be,,{126A41B3-3369-49B9-BB0D-047EE3492E18},53471989755092,665510225697859,4.78226777499998,51.21858457500002,4326,9120,2026-07-31 12:00:00,2026-08-20 11:23:12,2026-07-31 13:21,,,38,9120,,,vrg_38_9120,,3.0
{0463119E-95C2-4773-8077-3C49AFEF03A4},{0463119E-95C2-4773-8077-3C49AFEF03A4},klaas.debusschere@inbo.be,klaas.debusschere@inbo.be,,{126A41B3-3369-49B9-BB0D-047EE3492E18},53471989755092,665510225697859,4.78226777499998,51.21858457500002,4326,9120,2026-07-31 12:00:00,2026-08-20 11:23:12,2026-07-31 13:21,,,1079,9120,,,vrg_1079_9120,afw,
{0463119E-95C2-4773-8077-3C49AFEF03A4},{0463119E-95C2-4773-8077-3C49AFEF03A4},klaas.debusschere@inbo.be,klaas.debusschere@inbo.be,,{126A41B3-3369-49B9-BB0D-047EE3492E18},53471989755092,665510225697859,4.78226777499998,51.21858457500002,4326,9120,2026-07-31 12:00:00,2026-08-20 11:23:12,2026-07-31 13:21,,,564,9120,2067,Valse salie,vrg_564_9120_matrix_2067,5_10perc,
{0463119E-95C2-4773-8077-3C49AFEF03A4},{0463119E-95C2-4773-8077-3C49AFEF03A4},klaas.debusschere@inbo.be,klaas.debusschere@inbo.be,,{126A41B3-3369-49B9-BB0D-047EE3492E18},53471989755092,665510225697859,4.78226777499998,51.21858457500002,4326,9120,2026-07-31 12:00:00,2026-08-20 11:23:12,2026-07-31 13:21,,,1988,9120,,,vrg_1988_9120,t,
{0463119E-95C2-4773-8077-3C49AFEF03A4},{0463119E-95C2-4773-8077-3C49AFEF03A4},klaas.debusschere@inbo.be,klaas.debusschere@inbo.be,,{126A41B3-3369-49B9-BB0D-047EE3492E18},53471989755092,665510225697859,4.78226777499998,51.21858457500002,4326,9120,2026-07-31 12:00:00,2026-08-20 11:23:12,2026-07-31 13:21,,,564,9120,4213,Grote veldbies,vrg_564_9120_matrix_4213,afw,
{0463119E-95C2-4773-8077-3C49AFEF03A4},{0463119E-95C2-4773-8077-3C49AFEF03A4},klaas.debusschere@inbo.be,klaas.debusschere@inbo.be,,{126A41B3-3369-49B9-BB0D-047EE3492E18},53471989755092,665510225697859,4.78226777499998,51.21858457500002,4326,9120,2026-07-31 12:00:00,2026-08-20 11:23:12,2026-07-31 13:21,,,564,9120,4215,Dalkruid,vrg_564_9120_matrix_4215,10_20perc,
{0463119E-95C2-4773-8077-3C49AFEF03A4},{0463119E-95C2-4773-8077-3C49AFEF03A4},klaas.debusschere@inbo.be,klaas.debusschere@inbo.be,,{126A41B3-3369-49B9-BB0D-047EE3492E18},53471989755092,665510225697859,4.78226777499998,51.21858457500002,4326,9120,2026-07-31 12:00:00,2026-08-20 11:23:12,2026-07-31 13:21,,,564,9120,1197,Ruige veldbies,vrg_564_9120_matrix_1197,afw,
{0463119E-95C2-4773-8077-3C49AFEF03A4},{0463119E-95C2-4773-8077-3C49AFEF03A4},klaas.debusschere@inbo.be,klaas.debusschere@inbo.be,,{126A41B3-3369-49B9-BB0D-047EE3492E18},53471989755092,665510225697859,4.78226777499998,51.21858457500002,4326,9120,2026-07-31 12:00:00,2026-08-20 11:23:12,2026-07-31 13:21,,,99,9120,,,vrg_99_9120,30_40perc,
{0463119E-95C2-4773-8077-3C49AFEF03A4},{0463119E-95C2-4773-8077-3C49AFEF03A4},klaas.debusschere@inbo.be,klaas.debusschere@inbo.be,,{126A41B3-3369-49B9-BB0D-047EE3492E18},53471989755092,665510225697859,4.78226777499998,51.21858457500002,4326,9120,2026-07-31 12:00:00,2026-08-20 11:23:12,2026-07-31 13:21,,,233,9120,6,"1 = open plek (bomen met hoogte < 0,5m en bedekking < 10%)",vrg_233_9120_matrix_6,afw,
{0463119E-95C2-4773-8077-3C49AFEF03A4},{0463119E-95C2-4773-8077-3C49AFEF03A4},klaas.debusschere@inbo.be,klaas.debusschere@inbo.be,,{126A41B3-3369-49B9-BB0D-047EE3492E18},53471989755092,665510225697859,4.78226777499998,51.21858457500002,4326,9120,2026-07-31 12:00:00,2026-08-20 11:23:12,2026-07-31 13:21,,,233,9120,7,"2 = vroege stadia (gemiddelde hoogte 0,5 - 2 m of bedekking > 10%)",vrg_233_9120_matrix_7,10_20perc,
{0463119E-95C2-4773-8077-3C49AFEF03A4},{0463119E-95C2-4773-8077-3C49AFEF03A4},klaas.debusschere@inbo.be,klaas.debusschere@inbo.be,,{126A41B3-3369-49B9-BB0D-047EE3492E18},53471989755092,665510225697859,4.78226777499998,51.21858457500002,4326,9120,2026-07-31 12:00:00,2026-08-20 11:23:12,2026-07-31 13:21,,,233,9120,8,"3 = jonge boompjes (gemiddelde hoogte > 2 m, dbh < 7cm)",vrg_233_9120_matrix_8,5_10perc,
{0463119E-95C2-4773-8077-3C49AFEF03A4},{0463119E-95C2-4773-8077-3C49AFEF03A4},klaas.debusschere@inbo.be,klaas.debusschere@inbo.be,,{126A41B3-3369-49B9-BB0D-047EE3492E18},53471989755092,665510225697859,4.78226777499998,51.21858457500002,4326,9120,2026-07-31 12:00:00,2026-08-20 11:23:12,2026-07-31 13:21,,,233,9120,9,4 = jong hout met dbh 7 - 14 cm,vrg_233_9120_matrix_9,5_10perc,
{0463119E-95C2-4773-8077-3C49AFEF03A4},{0463119E-95C2-4773-8077-3C49AFEF03A4},klaas.debusschere@inbo.be,klaas.debusschere@inbo.be,,{126A41B3-3369-49B9-BB0D-047EE3492E18},53471989755092,665510225697859,4.78226777499998,51.21858457500002,4326,9120,2026-07-31 12:00:00,2026-08-20 11:23:12,2026-07-31 13:21,,,156,9120,,,vrg_156_9120,0,0.0
{0463119E-95C2-4773-8077-3C49AFEF03A4},{0463119E-95C2-4773-8077-3C49AFEF03A4},klaas.debusschere@inbo.be,klaas.debusschere@inbo.be,,{126A41B3-3369-49B9-BB0D-047EE3492E18},53471989755092,665510225697859,4.78226777499998,51.21858457500002,4326,9120,2026-07-31 12:00:00,2026-08-20 11:23:12,2026-07-31 13:21,,,1975,9120,,,vrg_1975_9120,t,
{0463119E-95C2-4773-8077-3C49AFEF03A4},{0463119E-95C2-4773-8077-3C49AFEF03A4},klaas.debusschere@inbo.be,klaas.debusschere@inbo.be,,{126A41B3-3369-49B9-BB0D-047EE3492E18},53471989755092,665510225697859,4.78226777499998,51.21858457500002,4326,9120,2026-07-31 12:00:00,2026-08-20 11:23:12,2026-07-31 13:21,,,2000,9120,,,vrg_2000_9120,wt,
{0463119E-95C2-4773-8077-3C49AFEF03A4},{0463119E-95C2-4773-8077-3C49AFEF03A4},klaas.debusschere@inbo.be,klaas.debusschere@inbo.be,,{126A41B3-3369-49B9-BB0D-047EE3492E18},53471989755092,665510225697859,4.78226777499998,51.21858457500002,4326,9120,2026-07-31 12:00:00,2026-08-20 11:23:12,2026-07-31 13:21,,,2016,9120,,,vrg_2016_9120,t,
{0463119E-95C2-4773-8077-3C49AFEF03A4},{0463119E-95C2-4773-8077-3C49AFEF03A4},klaas.debusschere@inbo.be,klaas.debusschere@inbo.be,,{126A41B3-3369-49B9-BB0D-047EE3492E18},53471989755092,665510225697859,4.78226777499998,51.21858457500002,4326,9120,2026-07-31 12:00:00,2026-08-20 11:23:12,2026-07-31 13:21,,,564,9120,1334,Bosgierstgras,vrg_564_9120_matrix_1334,afw,
{0463119E-95C2-4773-8077-3C49AFEF03A4},{0463119E-95C2-4773-8077-3C49AFEF03A4},klaas.debusschere@inbo.be,klaas.debusschere@inbo.be,,{126A41B3-3369-49B9-BB0D-047EE3492E18},53471989755092,665510225697859,4.78226777499998,51.21858457500002,4326,9120,2026-07-31 12:00:00,2026-08-20 11:23:12,2026-07-31 13:21,,,2556,9120,16,Ingrepen > 1ha,vrg_2556_9120_matrix_16,afw,
{0463119E-95C2-4773-8077-3C49AFEF03A4},{0463119E-95C2-4773-8077-3C49AFEF03A4},klaas.debusschere@inbo.be,klaas.debusschere@inbo.be,,{126A41B3-3369-49B9-BB0D-047EE3492E18},53471989755092,665510225697859,4.78226777499998,51.21858457500002,4326,9120,2026-07-31 12:00:00,2026-08-20 11:23:12,2026-07-31 13:21,,,2556,9120,15,"Middelmatige schaal 0,3 - 1 ha (femelslag)",vrg_2556_9120_matrix_15,afw,
{0463119E-95C2-4773-8077-3C49AFEF03A4},{0463119E-95C2-4773-8077-3C49AFEF03A4},klaas.debusschere@inbo.be,klaas.debusschere@inbo.be,,{126A41B3-3369-49B9-BB0D-047EE3492E18},53471989755092,665510225697859,4.78226777499998,51.21858457500002,4326,9120,2026-07-31 12:00:00,2026-08-20 11:23:12,2026-07-31 13:21,,,2556,9120,14,"Kleine schaal tot 0,3 ha (plenterslag)",vrg_2556_9120_matrix_14,afw,
{0463119E-95C2-4773-8077-3C49AFEF03A4},{0463119E-95C2-4773-8077-3C49AFEF03A4},klaas.debusschere@inbo.be,klaas.debusschere@inbo.be,,{126A41B3-3369-49B9-BB0D-047EE3492E18},53471989755092,665510225697859,4.78226777499998,51.21858457500002,4326,9120,2026-07-31 12:00:00,2026-08-20 11:23:12,2026-07-31 13:21,,,2556,9120,13,Ongelijkjarig gemengd,vrg_2556_9120_matrix_13,95_100perc,
{17F94257-406B-49EE-9CDE-8FD6ECADB081},{17F94257-406B-49EE-9CDE-8FD6ECADB081},joost.neujens@inbo.be,joost.neujens@inbo.be,,{5A5E0F94-EEF7-4241-BF56-9FF714C2FA49},50764042392135,6577087764276,0.0,0.0,4326,9120,2026-08-20 12:00:00,2026-08-20 10:42:28,2026-08-20 10:41,Test joost of verzenden lukt.,,1948,9120,,,vrg_1948_9120,40_50perc,
{17F94257-406B-49EE-9CDE-8FD6ECADB081},{17F94257-406B-49EE-9CDE-8FD6ECADB081},joost.neujens@inbo.be,joost.neujens@inbo.be,,{5A5E0F94-EEF7-4241-BF56-9FF714C2FA49},50764042392135,6577087764276,0.0,0.0,4326,9120,2026-08-20 12:00:00,2026-08-20 10:42:28,2026-08-20 10:41,Test joost of verzenden lukt.,,1988,9120,,,vrg_1988_9120,s,
{17F94257-406B-49EE-9CDE-8FD6ECADB081},{17F94257-406B-49EE-9CDE-8FD6ECADB081},joost.neujens@inbo.be,joost.neujens@inbo.be,,{5A5E0F94-EEF7-4241-BF56-9FF714C2FA49},50764042392135,6577087764276,0.0,0.0,4326,9120,2026-08-20 12:00:00,2026-08-20 10:42:28,2026-08-20 10:41,Test joost of verzenden lukt.,,1975,9120,,,vrg_1975_9120,10_20perc,
{17F94257-406B-49EE-9CDE-8FD6ECADB081},{17F94257-406B-49EE-9CDE-8FD6ECADB081},joost.neujens@inbo.be,joost.neujens@inbo.be,,{5A5E0F94-EEF7-4241-BF56-9FF714C2FA49},50764042392135,6577087764276,0.0,0.0,4326,9120,2026-08-20 12:00:00,2026-08-20 10:42:28,2026-08-20 10:41,Test joost of verzenden lukt.,,2000,9120,,,vrg_2000_9120,5_10perc,
{17F94257-406B-49EE-9CDE-8FD6ECADB081},{17F94257-406B-49EE-9CDE-8FD6ECADB081},joost.neujens@inbo.be,joost.neujens@inbo.be,,{5A5E0F94-EEF7-4241-BF56-9FF714C2FA49},50764042392135,6577087764276,0.0,0.0,4326,9120,2026-08-20 12:00:00,2026-08-20 10:42:28,2026-08-20 10:41,Test joost of verzenden lukt.,,2016,9120,,,vrg_2016_9120,80_90perc,
{17F94257-406B-49EE-9CDE-8FD6ECADB081},{17F94257-406B-49EE-9CDE-8FD6ECADB081},joost.neujens@inbo.be,joost.neujens@inbo.be,,{5A5E0F94-EEF7-4241-BF56-9FF714C2FA49},50764042392135,6577087764276,0.0,0.0,4326,9120,2026-08-20 12:00:00,2026-08-20 10:42:28,2026-08-20 10:41,Test joost of verzenden lukt.,,2556,9120,15,"Middelmatige schaal 0,3 - 1 ha (femelslag)",vrg_2556_9120_matrix_15,wt,
{3A44F0F7-4E15-4A5D-914D-D1E78D63D068},{3A44F0F7-4E15-4A5D-914D-D1E78D63D068},joost.neujens@inbo.be,joost.neujens@inbo.be,,{B4A49FDA-9548-4C5A-8FE0-0544ADE49497},5075167367295,657709880953388,0.0,0.0,4326,9120,2026-08-20 12:00:00,2026-08-20 11:09:41,2026-08-20 11:08,Test joost verzenden zonder verbinding,,676,9120,17,Moslaag,vrg_676_9120_matrix_17,s,
{3A44F0F7-4E15-4A5D-914D-D1E78D63D068},{3A44F0F7-4E15-4A5D-914D-D1E78D63D068},joost.neujens@inbo.be,joost.neujens@inbo.be,,{B4A49FDA-9548-4C5A-8FE0-0544ADE49497},5075167367295,657709880953388,0.0,0.0,4326,9120,2026-08-20 12:00:00,2026-08-20 11:09:41,2026-08-20 11:08,Test joost verzenden zonder verbinding,,1948,9120,,,vrg_1948_9120,afw,
{3A44F0F7-4E15-4A5D-914D-D1E78D63D068},{3A44F0F7-4E15-4A5D-914D-D1E78D63D068},joost.neujens@inbo.be,joost.neujens@inbo.be,,{B4A49FDA-9548-4C5A-8FE0-0544ADE49497},5075167367295,657709880953388,0.0,0.0,4326,9120,2026-08-20 12:00:00,2026-08-20 11:09:41,2026-08-20 11:08,Test joost verzenden zonder verbinding,,1975,9120,,,vrg_1975_9120,90_95perc,
{3A44F0F7-4E15-4A5D-914D-D1E78D63D068},{3A44F0F7-4E15-4A5D-914D-D1E78D63D068},joost.neujens@inbo.be,joost.neujens@inbo.be,,{B4A49FDA-9548-4C5A-8FE0-0544ADE49497},5075167367295,657709880953388,0.0,0.0,4326,9120,2026-08-20 12:00:00,2026-08-20 11:09:41,2026-08-20 11:08,Test joost verzenden zonder verbinding,,2016,9120,,,vrg_2016_9120,afw,
{9B4A4EF8-CCAF-4071-ADA4-1F9E48E2C478},{9B4A4EF8-CCAF-4071-ADA4-1F9E48E2C478},joost.neujens@inbo.be,joost.neujens@inbo.be,,{18BCECDF-D7B5-4CBF-ABA7-D41163E0DB64},45364315727856,661892222520224,0.0,0.0,4326,91e0_va,2026-07-28 12:00:00,2026-07-28 15:24:20,2026-07-28 15:23,Guviicivuc,ja,189,91e0_va,,,vrg_189_91e0_va,,678.0
{9B4A4EF8-CCAF-4071-ADA4-1F9E48E2C478},{9B4A4EF8-CCAF-4071-ADA4-1F9E48E2C478},joost.neujens@inbo.be,joost.neujens@inbo.be,,{18BCECDF-D7B5-4CBF-ABA7-D41163E0DB64},45364315727856,661892222520224,0.0,0.0,4326,91e0_va,2026-07-28 12:00:00,2026-07-28 15:24:20,2026-07-28 15:23,Guviicivuc,ja,1990,91e0_va,,,vrg_1990_91e0_va,50_60perc,
{9B4A4EF8-CCAF-4071-ADA4-1F9E48E2C478},{9B4A4EF8-CCAF-4071-ADA4-1F9E48E2C478},joost.neujens@inbo.be,joost.neujens@inbo.be,,{18BCECDF-D7B5-4CBF-ABA7-D41163E0DB64},45364315727856,661892222520224,0.0,0.0,4326,91e0_va,2026-07-28 12:00:00,2026-07-28 15:24:20,2026-07-28 15:23,Guviicivuc,ja,1972,91e0_va,,,vrg_1972_91e0_va,70_80perc,
{9B4A4EF8-CCAF-4071-ADA4-1F9E48E2C478},{9B4A4EF8-CCAF-4071-ADA4-1F9E48E2C478},joost.neujens@inbo.be,joost.neujens@inbo.be,,{18BCECDF-D7B5-4CBF-ABA7-D41163E0DB64},45364315727856,661892222520224,0.0,0.0,4326,91e0_va,2026-07-28 12:00:00,2026-07-28 15:24:20,2026-07-28 15:23,Guviicivuc,ja,1951,91e0_va,,,vrg_1951_91e0_va,95_100perc,
{9B4A4EF8-CCAF-4071-ADA4-1F9E48E2C478},{9B4A4EF8-CCAF-4071-ADA4-1F9E48E2C478},joost.neujens@inbo.be,joost.neujens@inbo.be,,{18BCECDF-D7B5-4CBF-ABA7-D41163E0DB64},45364315727856,661892222520224,0.0,0.0,4326,91e0_va,2026-07-28 12:00:00,2026-07-28 15:24:20,2026-07-28 15:23,Guviicivuc,ja,2530,91e0_va,15,"Middelmatige schaal 0,3 - 1 ha (femelslag)",vrg_2530_91e0_va_matrix_15,10_20perc,
{9B4A4EF8-CCAF-4071-ADA4-1F9E48E2C478},{9B4A4EF8-CCAF-4071-ADA4-1F9E48E2C478},joost.neujens@inbo.be,joost.neujens@inbo.be,,{18BCECDF-D7B5-4CBF-ABA7-D41163E0DB64},45364315727856,661892222520224,0.0,0.0,4326,91e0_va,2026-07-28 12:00:00,2026-07-28 15:24:20,2026-07-28 15:23,Guviicivuc,ja,2530,91e0_va,13,Ongelijkjarig gemengd,vrg_2530_91e0_va_matrix_13,zs,
{9B4A4EF8-CCAF-4071-ADA4-1F9E48E2C478},{9B4A4EF8-CCAF-4071-ADA4-1F9E48E2C478},joost.neujens@inbo.be,joost.neujens@inbo.be,,{18BCECDF-D7B5-4CBF-ABA7-D41163E0DB64},45364315727856,661892222520224,0.0,0.0,4326,91e0_va,2026-07-28 12:00:00,2026-07-28 15:24:20,2026-07-28 15:23,Guviicivuc,ja,2001,91e0_va,,,vrg_2001_91e0_va,wt,
{9B4A4EF8-CCAF-4071-ADA4-1F9E48E2C478},{9B4A4EF8-CCAF-4071-ADA4-1F9E48E2C478},joost.neujens@inbo.be,joost.neujens@inbo.be,,{18BCECDF-D7B5-4CBF-ABA7-D41163E0DB64},45364315727856,661892222520224,0.0,0.0,4326,91e0_va,2026-07-28 12:00:00,2026-07-28 15:24:20,2026-07-28 15:23,Guviicivuc,ja,264,91e0_va,7,"2 = vroege stadia (gemiddelde hoogte 0,5 - 2 m of bedekking > 10%)",vrg_264_91e0_va_matrix_7,s,
{9B4A4EF8-CCAF-4071-ADA4-1F9E48E2C478},{9B4A4EF8-CCAF-4071-ADA4-1F9E48E2C478},joost.neujens@inbo.be,joost.neujens@inbo.be,,{18BCECDF-D7B5-4CBF-ABA7-D41163E0DB64},45364315727856,661892222520224,0.0,0.0,4326,91e0_va,2026-07-28 12:00:00,2026-07-28 15:24:20,2026-07-28 15:23,Guviicivuc,ja,264,91e0_va,9,4 = jong hout met dbh 7 - 14 cm,vrg_264_91e0_va_matrix_9,20_30perc,
{9B4A4EF8-CCAF-4071-ADA4-1F9E48E2C478},{9B4A4EF8-CCAF-4071-ADA4-1F9E48E2C478},joost.neujens@inbo.be,joost.neujens@inbo.be,,{18BCECDF-D7B5-4CBF-ABA7-D41163E0DB64},45364315727856,661892222520224,0.0,0.0,4326,91e0_va,2026-07-28 12:00:00,2026-07-28 15:24:20,2026-07-28 15:23,Guviicivuc,ja,1062,91e0_va,,,vrg_1062_91e0_va,90_95perc,
